model,method,parallel,run_id,seed,solver,error_type,ABS_Fitness,SQUARED_Fitness,MSE_Fitness,MABS_Fitness,execution_time,best_ind
ABCD,CMAES,False,ABCD_CMAES_SERIAL_20250610_162342,0,RK45,ABS,,,,,,
ABCD,CMAES,False,ABCD_CMAES_SERIAL_20250610_162342,0,RK45,SQUARED,40.7099538965371,2.9809820414759254,0.022215634829004936,0.10177488474134283,2646.276720046997,"Individual(fitness=inf, coeffs={'A': {'A': {'n': val=19.093111208206388, 'k': val=1.6425738506575884}, 'B': {'n': val=2.0049139641252745, 'k': val=1.9908995095756965}, 'D': {'n': val=10.96433459218912, 'k': val=1.1549421749739908}, 'tau': val=1.7437939283989428}, 'B': {'C': {'n': val=3.3667208211700914, 'k': val=0.5314624539670761}, 'D': {'n': val=12.013591653071963, 'k': val=0.39916191556712177}, 'tau': val=4.529731248491466}, 'C': {'A': {'n': val=0.9963411953296857, 'k': val=0.8190475683920865}, 'D': {'n': val=11.001966845417815, 'k': val=0.4254296635857632}, 'tau': val=4.760994501683054}, 'D': {'A': {'n': val=26.69705509166488, 'k': val=1.0309105170045827}, 'D': {'n': val=27.99005656142008, 'k': val=0.10158407494930485}, 'tau': val=0.7928841585740267}}, ind_size=22)"
ABCD,CMAES,False,ABCD_CMAES_SERIAL_20250610_162342,0,RK45,MSE,30.74974130502654,2.7017085653051542,0.018248072929608082,0.07687435326256636,2847.902441263199,"Individual(fitness=inf, coeffs={'A': {'A': {'n': val=14.11999260683424, 'k': val=1.9360080182070574}, 'B': {'n': val=7.551358673771253, 'k': val=1.1080976486149345}, 'D': {'n': val=10.894557680381343, 'k': val=1.720573337100997}, 'tau': val=2.476060266083891}, 'B': {'C': {'n': val=3.1364881589201086, 'k': val=0.4218892845824263}, 'D': {'n': val=14.699995921931707, 'k': val=0.32965848072472825}, 'tau': val=4.2662234881817}, 'C': {'A': {'n': val=0.13684471695014414, 'k': val=1.474786604441345}, 'D': {'n': val=28.12663124038291, 'k': val=0.3561299930280768}, 'tau': val=4.967521377258531}, 'D': {'A': {'n': val=23.57310388495104, 'k': val=0.9718137041356394}, 'D': {'n': val=21.334458292884243, 'k': val=0.10128372700492666}, 'tau': val=0.8694801383788968}}, ind_size=22)"
ABCD,CMAES,False,ABCD_CMAES_SERIAL_20250610_162342,0,RK45,MABS,32.5814465282229,3.227260775964913,0.02603803029020413,0.08145361632055724,1683.591071844101,"Individual(fitness=inf, coeffs={'A': {'A': {'n': val=19.71763859655532, 'k': val=0.5424081061734018}, 'B': {'n': val=29.564115154073527, 'k': val=0.10007264668746431}, 'D': {'n': val=10.369011408208452, 'k': val=1.197691839893228}, 'tau': val=1.3490847524094327}, 'B': {'C': {'n': val=2.233213006681428, 'k': val=0.6052886703420625}, 'D': {'n': val=27.70388255202683, 'k': val=0.6975683253467521}, 'tau': val=3.5398543305003494}, 'C': {'A': {'n': val=0.12577063929549534, 'k': val=1.2658155465340053}, 'D': {'n': val=15.330460140627736, 'k': val=0.3907553515432532}, 'tau': val=4.565699734021933}, 'D': {'A': {'n': val=29.76929070332152, 'k': val=0.9706913687437679}, 'D': {'n': val=4.43042124772032, 'k': val=0.10038635175954284}, 'tau': val=0.5252825876048925}}, ind_size=22)"
ABCD,CMAES,False,ABCD_CMAES_SERIAL_20250610_162342,0,DOP853,ABS,31.699869756410923,3.1815857794129343,0.025306220179406518,0.07924967439102729,2305.482473373413,"Individual(fitness=inf, coeffs={'A': {'A': {'n': val=27.026818070815057, 'k': val=1.4351393393603264}, 'B': {'n': val=21.5312236729508, 'k': val=1.1858549478733633}, 'D': {'n': val=25.02643600082477, 'k': val=1.8771263959419258}, 'tau': val=1.839199444733128}, 'B': {'C': {'n': val=1.4068948106815826, 'k': val=0.6860750776693876}, 'D': {'n': val=16.157036352564557, 'k': val=0.7337005496216704}, 'tau': val=3.0985084908540252}, 'C': {'A': {'n': val=0.2623908922295975, 'k': val=0.9502228667700492}, 'D': {'n': val=29.064970383369005, 'k': val=0.35024844253885373}, 'tau': val=4.443044601408257}, 'D': {'A': {'n': val=28.764395826004495, 'k': val=0.9715701971659211}, 'D': {'n': val=15.694251052309143, 'k': val=0.12408219967036013}, 'tau': val=0.539112341316302}}, ind_size=22)"
ABCD,CMAES,False,ABCD_CMAES_SERIAL_20250610_162342,0,DOP853,SQUARED,38.09144448061793,3.1719034656223375,0.025152428988067486,0.09522861120154477,9811.805464029312,"Individual(fitness=inf, coeffs={'A': {'A': {'n': val=23.11290918437409, 'k': val=1.8307165531720424}, 'B': {'n': val=19.259288077468906, 'k': val=1.4900264847703097}, 'D': {'n': val=22.801762975365612, 'k': val=1.8053384145333415}, 'tau': val=3.135465298971303}, 'B': {'C': {'n': val=0.22295763001580618, 'k': val=1.7380221405644183}, 'D': {'n': val=3.292533156007353, 'k': val=0.7758285257378141}, 'tau': val=1.734847025454676}, 'C': {'A': {'n': val=30.0, 'k': val=0.9912509353561361}, 'D': {'n': val=2.2750468595723805, 'k': val=1.0019084220725405}, 'tau': val=4.857251160363013}, 'D': {'A': {'n': val=29.02021146988198, 'k': val=0.8305774028605487}, 'D': {'n': val=29.474414906768846, 'k': val=0.2721869817539101}, 'tau': val=0.6009120217762313}}, ind_size=22)"
ABCD,CMAES,False,ABCD_CMAES_SERIAL_20250610_162342,0,DOP853,MSE,39.10465160377613,3.251382753055378,0.026428724517164902,0.0977616290094403,6219.711405515671,"Individual(fitness=inf, coeffs={'A': {'A': {'n': val=28.54632853467637, 'k': val=1.4065837624648267}, 'B': {'n': val=28.761416062151106, 'k': val=1.2446286556522324}, 'D': {'n': val=3.171318198059985, 'k': val=1.6715828105146706}, 'tau': val=3.2346340273897303}, 'B': {'C': {'n': val=0.3794260303130248, 'k': val=1.6394275704625436}, 'D': {'n': val=3.6378088995874496, 'k': val=0.7878262113813956}, 'tau': val=1.778934037332869}, 'C': {'A': {'n': val=29.75375190649867, 'k': val=0.8822092023691845}, 'D': {'n': val=0.7649035731412276, 'k': val=1.939789622814427}, 'tau': val=4.989399913436531}, 'D': {'A': {'n': val=20.460490049743655, 'k': val=0.7232009214610421}, 'D': {'n': val=25.001901011185144, 'k': val=0.2658960203302385}, 'tau': val=0.5299563823115356}}, ind_size=22)"
ABCD,CMAES,False,ABCD_CMAES_SERIAL_20250610_162342,0,DOP853,MABS,34.375006512405946,3.204631131816125,0.02567415172751274,0.08593751628101493,2642.3795018196106,"Individual(fitness=inf, coeffs={'A': {'A': {'n': val=23.65502275518007, 'k': val=1.6882927450180782}, 'B': {'n': val=29.482885455006315, 'k': val=1.557951495160202}, 'D': {'n': val=8.56443763723987, 'k': val=1.2737840868975328}, 'tau': val=1.0506386529744711}, 'B': {'C': {'n': val=13.683927649353041, 'k': val=0.43593912228746184}, 'D': {'n': val=1.0378087584645974, 'k': val=0.31777378370440934}, 'tau': val=3.210292727948286}, 'C': {'A': {'n': val=0.9815847582570957, 'k': val=0.1121006341081777}, 'D': {'n': val=28.577069341539147, 'k': val=0.34963916354859004}, 'tau': val=4.961440096368439}, 'D': {'A': {'n': val=29.4147168654836, 'k': val=0.9718689823137283}, 'D': {'n': val=24.717389453890387, 'k': val=0.23995157972204048}, 'tau': val=0.5371782333209859}}, ind_size=22)"
ABCD,CMAES,False,ABCD_CMAES_SERIAL_20250610_162342,0,LSODA,ABS,33.97128625043736,3.3988529755198518,0.02888050387300039,0.08492821562609343,931.9515693187714,"Individual(fitness=inf, coeffs={'A': {'A': {'n': val=21.587054348271796, 'k': val=1.9773695994687646}, 'B': {'n': val=22.237104342407044, 'k': val=1.9990224256741982}, 'D': {'n': val=18.057798779280255, 'k': val=1.268757114953734}, 'tau': val=2.007603213631002}, 'B': {'C': {'n': val=1.0159670274546464, 'k': val=0.6738382050556736}, 'D': {'n': val=11.010384783620063, 'k': val=0.6164778477370009}, 'tau': val=3.0367971418661366}, 'C': {'A': {'n': val=1.897878087824097, 'k': val=0.11732374294631745}, 'D': {'n': val=19.24999067716387, 'k': val=0.31320798178661524}, 'tau': val=2.834511613346531}, 'D': {'A': {'n': val=13.772249012786625, 'k': val=0.9390385004188286}, 'D': {'n': val=7.4959612314708535, 'k': val=0.1250549833019388}, 'tau': val=0.5584801686257279}}, ind_size=22)"
ABCD,CMAES,False,ABCD_CMAES_SERIAL_20250610_162342,0,LSODA,SQUARED,36.38613491839479,3.1445333950112744,0.024720225680852845,0.09096533729598694,979.7991044521332,"Individual(fitness=inf, coeffs={'A': {'A': {'n': val=12.501151341946635, 'k': val=1.9982378422087663}, 'B': {'n': val=18.09117091860455, 'k': val=1.6144173645620805}, 'D': {'n': val=26.531607473785435, 'k': val=0.9839752417298144}, 'tau': val=2.7831255877780072}, 'B': {'C': {'n': val=2.9509880098236883, 'k': val=0.6002254856152333}, 'D': {'n': val=12.348338057649329, 'k': val=0.7644302117714711}, 'tau': val=3.070004805714114}, 'C': {'A': {'n': val=30.0, 'k': val=1.0021272294009471}, 'D': {'n': val=29.801774820959338, 'k': val=1.590625148128399}, 'tau': val=3.1902094286358045}, 'D': {'A': {'n': val=22.113447721716607, 'k': val=0.7420328458395677}, 'D': {'n': val=27.904855372947626, 'k': val=0.267597559855443}, 'tau': val=0.572584780468001}}, ind_size=22)"
ABCD,CMAES,False,ABCD_CMAES_SERIAL_20250610_162342,0,LSODA,MSE,36.43199640619228,3.102685477347684,0.024066642928360568,0.09107999101548069,1034.37380194664,"Individual(fitness=inf, coeffs={'A': {'A': {'n': val=28.990244413349995, 'k': val=1.3002225824830655}, 'B': {'n': val=17.713237958964054, 'k': val=1.1865321108626166}, 'D': {'n': val=6.117158088259201, 'k': val=1.4768606620121123}, 'tau': val=1.3745976108826887}, 'B': {'C': {'n': val=0.16845747191521857, 'k': val=1.9081212106644725}, 'D': {'n': val=3.607643476494153, 'k': val=0.7659464236129845}, 'tau': val=1.5534359914901203}, 'C': {'A': {'n': val=0.9115841958410258, 'k': val=1.8859538673717102}, 'D': {'n': val=30.0, 'k': val=0.3121693762216028}, 'tau': val=4.994730368887128}, 'D': {'A': {'n': val=29.071414980467033, 'k': val=0.9660899682036937}, 'D': {'n': val=27.937183500978076, 'k': val=0.10013172486758348}, 'tau': val=0.562317244612466}}, ind_size=22)"
ABCD,CMAES,False,ABCD_CMAES_SERIAL_20250610_162342,0,LSODA,MABS,,,,,,
ABCD,CMAES,False,ABCD_CMAES_SERIAL_20250610_162342,1,RK45,ABS,36.22037973043279,3.339295005763127,0.027877227838786406,0.09055094932608196,3378.826564311981,"Individual(fitness=inf, coeffs={'A': {'A': {'n': val=22.447905261546317, 'k': val=0.5724391146040211}, 'B': {'n': val=6.111294916410645, 'k': val=0.10863797787141927}, 'D': {'n': val=16.001991320646553, 'k': val=1.0958264814937317}, 'tau': val=1.6192988912720432}, 'B': {'C': {'n': val=23.847561433802515, 'k': val=0.4719394164422419}, 'D': {'n': val=1.8474162622811283, 'k': val=0.30579303851024503}, 'tau': val=3.4377556524033763}, 'C': {'A': {'n': val=0.46312393892806597, 'k': val=1.1523976969709209}, 'D': {'n': val=13.985974155668275, 'k': val=0.40363183948651044}, 'tau': val=4.679825525237972}, 'D': {'A': {'n': val=27.070711933764546, 'k': val=0.9646440261512963}, 'D': {'n': val=24.42474485124022, 'k': val=0.2666766836890638}, 'tau': val=0.5684139934624836}}, ind_size=22)"
ABCD,CMAES,False,ABCD_CMAES_SERIAL_20250610_162342,1,RK45,SQUARED,,,,,,
ABCD,CMAES,False,ABCD_CMAES_SERIAL_20250610_162342,1,RK45,MSE,34.01480496341635,2.8434950696478802,0.02021366052777952,0.08503701240854081,2502.1955966949463,"Individual(fitness=inf, coeffs={'A': {'A': {'n': val=19.923965034306434, 'k': val=1.9825196285018518}, 'B': {'n': val=6.428859826861937, 'k': val=1.101634726421132}, 'D': {'n': val=21.53781258162452, 'k': val=1.464168251651347}, 'tau': val=2.734522396937001}, 'B': {'C': {'n': val=0.481314736895738, 'k': val=1.8119375946206986}, 'D': {'n': val=4.409095874625095, 'k': val=0.6549673190949402}, 'tau': val=2.162321689297547}, 'C': {'A': {'n': val=0.8174134832536439, 'k': val=1.1543884610489623}, 'D': {'n': val=25.173717576218184, 'k': val=0.36936081918724567}, 'tau': val=4.706031501983435}, 'D': {'A': {'n': val=29.029117476192493, 'k': val=0.988972474269325}, 'D': {'n': val=28.28144006953109, 'k': val=0.10067995239910534}, 'tau': val=0.8694865609825568}}, ind_size=22)"
ABCD,CMAES,False,ABCD_CMAES_SERIAL_20250610_162342,1,RK45,MABS,36.48339532692001,3.3183288176603885,0.02752826535528849,0.09120848831730001,3885.138861179352,"Individual(fitness=inf, coeffs={'A': {'A': {'n': val=26.77890882676676, 'k': val=0.42484530037583357}, 'B': {'n': val=16.497514969170478, 'k': val=0.12200522831498013}, 'D': {'n': val=12.438007267241998, 'k': val=1.0955593224033897}, 'tau': val=1.2638625431008759}, 'B': {'C': {'n': val=23.529041756735783, 'k': val=0.4762022158746236}, 'D': {'n': val=1.8092792167774114, 'k': val=0.3159392491149645}, 'tau': val=3.264634572861299}, 'C': {'A': {'n': val=0.5727298861515085, 'k': val=0.6410206212105946}, 'D': {'n': val=11.421174123508402, 'k': val=0.42243121026198316}, 'tau': val=5.0}, 'D': {'A': {'n': val=24.481081765510886, 'k': val=0.9572394909208218}, 'D': {'n': val=25.341301050123974, 'k': val=0.27318915116066483}, 'tau': val=0.5524189877660842}}, ind_size=22)"
ABCD,CMAES,False,ABCD_CMAES_SERIAL_20250610_162342,1,DOP853,ABS,39.23014121982051,4.069070743554278,0.0413933417901234,0.09807535304955126,2677.434328317642,"Individual(fitness=inf, coeffs={'A': {'A': {'n': val=23.005090401519006, 'k': val=1.7136043468276596}, 'B': {'n': val=28.63739494833392, 'k': val=1.05304948505557}, 'D': {'n': val=28.04025174713297, 'k': val=1.0213745936498526}, 'tau': val=1.1720613567544085}, 'B': {'C': {'n': val=1.3118729172234145, 'k': val=0.6794345250507077}, 'D': {'n': val=15.112462997398048, 'k': val=0.8827768947999747}, 'tau': val=2.3485823239622436}, 'C': {'A': {'n': val=4.4725515777780265, 'k': val=0.4271563219936583}, 'D': {'n': val=0.9998108449957485, 'k': val=0.9910588691253882}, 'tau': val=2.0828300783263427}, 'D': {'A': {'n': val=29.014646933898973, 'k': val=0.9656454600982974}, 'D': {'n': val=3.992552731133597, 'k': val=0.10684880221441845}, 'tau': val=0.4476176384985174}}, ind_size=22)"
ABCD,CMAES,False,ABCD_CMAES_SERIAL_20250610_162342,1,DOP853,SQUARED,36.554555600761056,3.1073096197570265,0.024138432682586385,0.0913863890019026,9504.807662963867,"Individual(fitness=inf, coeffs={'A': {'A': {'n': val=17.81118045697227, 'k': val=1.9170640088812507}, 'B': {'n': val=11.51418893326642, 'k': val=0.7036008856154167}, 'D': {'n': val=2.1633890703985417, 'k': val=0.958092016078584}, 'tau': val=2.579119295539788}, 'B': {'C': {'n': val=23.40527240476197, 'k': val=0.37302366752165084}, 'D': {'n': val=1.1082622052020514, 'k': val=0.22489044198837801}, 'tau': val=3.1999715070262367}, 'C': {'A': {'n': val=0.5294096422793854, 'k': val=1.8521984946712289}, 'D': {'n': val=6.209045404725489, 'k': val=0.5254464599624675}, 'tau': val=4.360446411118484}, 'D': {'A': {'n': val=8.058545033117817, 'k': val=0.8823592371305018}, 'D': {'n': val=25.08955943886057, 'k': val=0.10032061457890243}, 'tau': val=0.6337726026821872}}, ind_size=22)"
ABCD,CMAES,False,ABCD_CMAES_SERIAL_20250610_162342,1,DOP853,MSE,33.976505767092746,2.9177979219039276,0.0212838617826672,0.08494126441773191,2759.331267595291,"Individual(fitness=inf, coeffs={'A': {'A': {'n': val=17.2141433855256, 'k': val=1.839606763346774}, 'B': {'n': val=10.818346835406157, 'k': val=0.7910444493319934}, 'D': {'n': val=2.4227443800450787, 'k': val=1.2376579269001557}, 'tau': val=2.3056101134754967}, 'B': {'C': {'n': val=23.58130664677502, 'k': val=0.39105646921775405}, 'D': {'n': val=2.360985199320231, 'k': val=0.2526332825044278}, 'tau': val=3.921947861421193}, 'C': {'A': {'n': val=0.1735944956384901, 'k': val=1.7182654468450416}, 'D': {'n': val=9.338469841811975, 'k': val=0.4730837717096053}, 'tau': val=4.676697403956208}, 'D': {'A': {'n': val=11.399849379104209, 'k': val=0.9066986958907113}, 'D': {'n': val=21.763870714951487, 'k': val=0.10139699379658879}, 'tau': val=0.6674686364416076}}, ind_size=22)"
ABCD,CMAES,False,ABCD_CMAES_SERIAL_20250610_162342,1,DOP853,MABS,35.08302439054745,3.3060944024838235,0.02732565049533716,0.08770756097636857,9406.753588199615,"Individual(fitness=inf, coeffs={'A': {'A': {'n': val=15.906825362651013, 'k': val=0.4104867539075014}, 'B': {'n': val=27.75938387360714, 'k': val=0.129592383375056}, 'D': {'n': val=29.78168932819522, 'k': val=1.44820187327028}, 'tau': val=4.594320735519168}, 'B': {'C': {'n': val=1.4581207205346607, 'k': val=0.6921641216636529}, 'D': {'n': val=15.995200159280046, 'k': val=0.7226090590795422}, 'tau': val=3.1391808016247333}, 'C': {'A': {'n': val=29.743469064478386, 'k': val=0.8862646488083087}, 'D': {'n': val=0.22454484732838015, 'k': val=0.22495420425635482}, 'tau': val=4.502677889562153}, 'D': {'A': {'n': val=28.44379308041766, 'k': val=0.7709830844731314}, 'D': {'n': val=26.303461957072386, 'k': val=0.29473306735899013}, 'tau': val=0.529827450873664}}, ind_size=22)"
ABCD,CMAES,False,ABCD_CMAES_SERIAL_20250610_162342,1,LSODA,ABS,35.66990045743586,3.355380234735115,0.02814644129912768,0.08917475114358958,909.3516664505005,"Individual(fitness=inf, coeffs={'A': {'A': {'n': val=28.78199422480568, 'k': val=1.9666489554438134}, 'B': {'n': val=27.812636395151582, 'k': val=1.9806955552505394}, 'D': {'n': val=7.340610352866321, 'k': val=1.4161574471877836}, 'tau': val=1.4040010253631738}, 'B': {'C': {'n': val=0.15588967079261493, 'k': val=1.3342766792316423}, 'D': {'n': val=2.0355639412354334, 'k': val=1.152531838096961}, 'tau': val=1.2225015983346257}, 'C': {'A': {'n': val=0.16260580471193614, 'k': val=1.3520450976128742}, 'D': {'n': val=23.093260633115566, 'k': val=0.3599973567865579}, 'tau': val=4.6846391100743805}, 'D': {'A': {'n': val=28.8989314740545, 'k': val=0.9683226043724932}, 'D': {'n': val=27.217810325253488, 'k': val=0.26438772203378436}, 'tau': val=0.5539966713261304}}, ind_size=22)"
ABCD,CMAES,False,ABCD_CMAES_SERIAL_20250610_162342,1,LSODA,SQUARED,,,,,,
ABCD,CMAES,False,ABCD_CMAES_SERIAL_20250610_162342,1,LSODA,MSE,,,,,,
ABCD,CMAES,False,ABCD_CMAES_SERIAL_20250610_162342,1,LSODA,MABS,33.67396154949939,3.238664722004791,0.026222372953895942,0.08418490387374845,945.330962896347,"Individual(fitness=inf, coeffs={'A': {'A': {'n': val=24.313481677154492, 'k': val=1.8135033970827366}, 'B': {'n': val=26.091194511807995, 'k': val=1.1689164209150191}, 'D': {'n': val=24.179540734502257, 'k': val=1.01887497209904}, 'tau': val=1.157982905016833}, 'B': {'C': {'n': val=0.6043004514745045, 'k': val=1.006299918540615}, 'D': {'n': val=3.8378804944233993, 'k': val=0.7635174031245717}, 'tau': val=1.7126012031771687}, 'C': {'A': {'n': val=0.3957677073941598, 'k': val=1.79821011509781}, 'D': {'n': val=29.537767997993537, 'k': val=0.34949540148279123}, 'tau': val=4.671405589062836}, 'D': {'A': {'n': val=29.481007402656175, 'k': val=0.972414308453673}, 'D': {'n': val=25.615397586907143, 'k': val=0.20607614505762673}, 'tau': val=0.5355004754627327}}, ind_size=22)"
ABCD,CMAES,False,ABCD_CMAES_SERIAL_20250610_162342,2,RK45,ABS,32.00210488981535,2.9933364218936567,0.022400157336587775,0.0800052622245384,2503.920083999634,"Individual(fitness=inf, coeffs={'A': {'A': {'n': val=24.506911809985354, 'k': val=1.937081450103056}, 'B': {'n': val=10.584735823245007, 'k': val=1.062453171115904}, 'D': {'n': val=16.58414298582357, 'k': val=1.964042094456205}, 'tau': val=2.7917873080285074}, 'B': {'C': {'n': val=0.22593223018951492, 'k': val=0.39236899916567997}, 'D': {'n': val=4.214827389649815, 'k': val=0.6183044786334649}, 'tau': val=2.4004857639964636}, 'C': {'A': {'n': val=0.325200320557226, 'k': val=1.0315036235608797}, 'D': {'n': val=18.864600024824014, 'k': val=0.37902701885175405}, 'tau': val=4.946705828349152}, 'D': {'A': {'n': val=29.82443594298629, 'k': val=0.9748268089984211}, 'D': {'n': val=22.333617798879576, 'k': val=0.10016557919507707}, 'tau': val=0.5478487433858952}}, ind_size=22)"
ABCD,CMAES,False,ABCD_CMAES_SERIAL_20250610_162342,2,RK45,SQUARED,,,,,,
ABCD,CMAES,False,ABCD_CMAES_SERIAL_20250610_162342,2,RK45,MSE,37.24227436171301,3.2223124728916193,0.025958244182382257,0.0931056859042825,10291.315618753433,"Individual(fitness=inf, coeffs={'A': {'A': {'n': val=28.012824210774852, 'k': val=1.3843525757039807}, 'B': {'n': val=29.706280990368338, 'k': val=1.6258573444442288}, 'D': {'n': val=6.763801321041189, 'k': val=1.1300590747584887}, 'tau': val=2.71884246944164}, 'B': {'C': {'n': val=2.342650325545235, 'k': val=0.6205796512702841}, 'D': {'n': val=6.606370781390107, 'k': val=0.6881286959956854}, 'tau': val=3.1005265630680916}, 'C': {'A': {'n': val=29.097585560341976, 'k': val=0.8869078542713716}, 'D': {'n': val=0.5553930304086822, 'k': val=1.6716497969668493}, 'tau': val=4.999913030490405}, 'D': {'A': {'n': val=29.338845061344063, 'k': val=0.7074528758605856}, 'D': {'n': val=18.24650127391765, 'k': val=0.2635999894000596}, 'tau': val=0.6258401121512993}}, ind_size=22)"
ABCD,CMAES,False,ABCD_CMAES_SERIAL_20250610_162342,2,RK45,MABS,32.57513378212733,3.2259023015454167,0.02601611414779004,0.08143783445531838,2108.28981089592,"Individual(fitness=inf, coeffs={'A': {'A': {'n': val=27.259367603179754, 'k': val=1.914828604298635}, 'B': {'n': val=19.729778059182426, 'k': val=1.2158665117373002}, 'D': {'n': val=7.184308298629033, 'k': val=1.4082117286207714}, 'tau': val=1.5635512386387178}, 'B': {'C': {'n': val=1.2836148782731092, 'k': val=0.6761999058581176}, 'D': {'n': val=8.114971528297108, 'k': val=0.7282074385945877}, 'tau': val=2.8191040011316666}, 'C': {'A': {'n': val=0.16290135061353575, 'k': val=0.5230815749145377}, 'D': {'n': val=29.637055624842585, 'k': val=0.3495248522928865}, 'tau': val=4.443579336594555}, 'D': {'A': {'n': val=23.13132252050432, 'k': val=0.9653661454304583}, 'D': {'n': val=9.083093133515986, 'k': val=0.1}, 'tau': val=0.5138078619014627}}, ind_size=22)"
ABCD,CMAES,False,ABCD_CMAES_SERIAL_20250610_162342,2,DOP853,ABS,34.05474955054709,3.242578116518053,0.026285782104304403,0.08513687387636772,3005.769553422928,"Individual(fitness=inf, coeffs={'A': {'A': {'n': val=15.754851430256426, 'k': val=1.9628355133735038}, 'B': {'n': val=29.417008820124845, 'k': val=1.1079344184222275}, 'D': {'n': val=9.743685746390259, 'k': val=1.3375264609067599}, 'tau': val=1.5426606614486607}, 'B': {'C': {'n': val=0.765862155869452, 'k': val=0.5018753744318281}, 'D': {'n': val=3.0596698233100024, 'k': val=0.7628273834836259}, 'tau': val=1.608323298393658}, 'C': {'A': {'n': val=0.4503565805997897, 'k': val=0.7888535330216603}, 'D': {'n': val=27.034306243871413, 'k': val=0.3508786867042216}, 'tau': val=4.692741845441471}, 'D': {'A': {'n': val=28.885604673499255, 'k': val=0.9698761903137002}, 'D': {'n': val=25.321584679546977, 'k': val=0.25346794138887874}, 'tau': val=0.5580708084583995}}, ind_size=22)"
ABCD,CMAES,False,ABCD_CMAES_SERIAL_20250610_162342,2,DOP853,SQUARED,36.513451736597375,3.204636029018371,0.025674230196206585,0.09128362934149348,6137.658171892166,"Individual(fitness=inf, coeffs={'A': {'A': {'n': val=21.58877147791, 'k': val=1.6470424791420382}, 'B': {'n': val=27.54748728750675, 'k': val=1.307140907406223}, 'D': {'n': val=25.62302365845071, 'k': val=1.0459340027526114}, 'tau': val=3.6370909361516204}, 'B': {'C': {'n': val=2.1154684269515815, 'k': val=0.6231858653643481}, 'D': {'n': val=8.899176060246841, 'k': val=0.7180015413958082}, 'tau': val=3.2489683489145054}, 'C': {'A': {'n': val=29.36438013464959, 'k': val=0.8818995595994095}, 'D': {'n': val=0.10057510996613725, 'k': val=0.6474044293627855}, 'tau': val=4.99551483577976}, 'D': {'A': {'n': val=27.9929658167664, 'k': val=0.7297957051153758}, 'D': {'n': val=17.311187208011617, 'k': val=0.2683365624232572}, 'tau': val=0.5452794383132121}}, ind_size=22)"
ABCD,CMAES,False,ABCD_CMAES_SERIAL_20250610_162342,2,DOP853,MSE,37.268308559551635,3.1951103701231767,0.025521825693171643,0.09317077139887914,8661.5985455513,"Individual(fitness=inf, coeffs={'A': {'A': {'n': val=18.131834316087918, 'k': val=1.7860035182572425}, 'B': {'n': val=26.759321127011287, 'k': val=1.447674558168333}, 'D': {'n': val=25.62756556427649, 'k': val=1.9379932255042385}, 'tau': val=3.9664996665997814}, 'B': {'C': {'n': val=2.5091559726988466, 'k': val=0.6230206375097238}, 'D': {'n': val=25.610242303789693, 'k': val=0.7321578603478649}, 'tau': val=3.262256037787763}, 'C': {'A': {'n': val=30.0, 'k': val=0.8852433703385709}, 'D': {'n': val=0.22072426265210957, 'k': val=0.226639836308291}, 'tau': val=4.984692116129704}, 'D': {'A': {'n': val=24.757239943219673, 'k': val=0.7507813858768918}, 'D': {'n': val=28.791220165100228, 'k': val=0.2615725508648267}, 'tau': val=0.5943213147064204}}, ind_size=22)"
ABCD,CMAES,False,ABCD_CMAES_SERIAL_20250610_162342,2,DOP853,MABS,33.88417661269141,3.2220210310493194,0.025953548811310286,0.08471044153172855,2985.153863430023,"Individual(fitness=inf, coeffs={'A': {'A': {'n': val=13.065277382708379, 'k': val=1.9472822774431962}, 'B': {'n': val=29.2705012624481, 'k': val=1.0806011665269089}, 'D': {'n': val=8.677873839713834, 'k': val=1.4645265826096694}, 'tau': val=1.6639434134939646}, 'B': {'C': {'n': val=0.5705889542378026, 'k': val=0.5599324055016998}, 'D': {'n': val=3.1195069479004456, 'k': val=0.7544942503775225}, 'tau': val=1.6418216026475139}, 'C': {'A': {'n': val=0.17838974949320704, 'k': val=0.7649858681537867}, 'D': {'n': val=29.71850574152275, 'k': val=0.3461481634503379}, 'tau': val=4.582493901974033}, 'D': {'A': {'n': val=28.24263072600319, 'k': val=0.9696116835930332}, 'D': {'n': val=25.94366432671554, 'k': val=0.25292495221201255}, 'tau': val=0.5884706234971868}}, ind_size=22)"
ABCD,CMAES,False,ABCD_CMAES_SERIAL_20250610_162342,2,LSODA,ABS,,,,,,
ABCD,CMAES,False,ABCD_CMAES_SERIAL_20250610_162342,2,LSODA,SQUARED,37.10834933478671,3.2172822695391057,0.02587726300472675,0.09277087333696675,1041.1454169750214,"Individual(fitness=inf, coeffs={'A': {'A': {'n': val=27.511474330657762, 'k': val=1.347291655907364}, 'B': {'n': val=24.57187373239403, 'k': val=1.9349193661594601}, 'D': {'n': val=20.08662086348395, 'k': val=1.0011886002567203}, 'tau': val=2.98026002230829}, 'B': {'C': {'n': val=2.9809576088749616, 'k': val=0.6213572297938871}, 'D': {'n': val=27.92221769637994, 'k': val=0.7658727482192769}, 'tau': val=3.1748885730487126}, 'C': {'A': {'n': val=30.0, 'k': val=0.8876337023884506}, 'D': {'n': val=0.889267996878695, 'k': val=1.9560099456352908}, 'tau': val=4.997148022162683}, 'D': {'A': {'n': val=28.40495584637109, 'k': val=0.7090233282644223}, 'D': {'n': val=27.90404457349795, 'k': val=0.26574221100884177}, 'tau': val=0.5809497983837596}}, ind_size=22)"
ABCD,CMAES,False,ABCD_CMAES_SERIAL_20250610_162342,2,LSODA,MSE,34.68817377248771,3.034369005360635,0.02301848815173324,0.08672043443121925,1076.0271980762482,"Individual(fitness=inf, coeffs={'A': {'A': {'n': val=12.339673277235775, 'k': val=1.8587738515012109}, 'B': {'n': val=25.733794193751663, 'k': val=1.1503051007842824}, 'D': {'n': val=6.4673768417482504, 'k': val=1.4472653830159254}, 'tau': val=1.3601500079741211}, 'B': {'C': {'n': val=2.8221060153152453, 'k': val=0.6145138678505812}, 'D': {'n': val=26.08912423083179, 'k': val=0.7526384647156391}, 'tau': val=3.185731428778215}, 'C': {'A': {'n': val=0.4488171331786384, 'k': val=0.8002734175871086}, 'D': {'n': val=27.341396933454433, 'k': val=0.31440557258697094}, 'tau': val=4.9942226483013465}, 'D': {'A': {'n': val=29.71029479668711, 'k': val=0.962318962174058}, 'D': {'n': val=4.422048738490698, 'k': val=0.10533719021844418}, 'tau': val=0.577412108024111}}, ind_size=22)"
ABCD,CMAES,False,ABCD_CMAES_SERIAL_20250610_162342,2,LSODA,MABS,,,,,,
ABCD,CMAES,False,ABCD_CMAES_SERIAL_20250610_162342,3,RK45,ABS,34.18919102830637,3.219758100524667,0.025917105564735518,0.08547297757076588,2584.2208437919617,"Individual(fitness=inf, coeffs={'A': {'A': {'n': val=21.810521563612973, 'k': val=1.437298158223189}, 'B': {'n': val=9.051837629027705, 'k': val=1.353775950029231}, 'D': {'n': val=28.361762604315214, 'k': val=1.3888312257820505}, 'tau': val=2.0730331421165364}, 'B': {'C': {'n': val=0.6869214581974543, 'k': val=1.4994988007505545}, 'D': {'n': val=3.9293908316747332, 'k': val=0.756718210351464}, 'tau': val=1.7299988338182037}, 'C': {'A': {'n': val=0.168976189454827, 'k': val=2.0}, 'D': {'n': val=29.822076597606138, 'k': val=0.3485835820397778}, 'tau': val=4.643602484444066}, 'D': {'A': {'n': val=22.994531832456335, 'k': val=0.9636468929991053}, 'D': {'n': val=26.424793350175847, 'k': val=0.21856370957104443}, 'tau': val=0.5980282546085494}}, ind_size=22)"
ABCD,CMAES,False,ABCD_CMAES_SERIAL_20250610_162342,3,RK45,SQUARED,,,,,,
ABCD,CMAES,False,ABCD_CMAES_SERIAL_20250610_162342,3,RK45,MSE,35.88051400426403,3.097084751309918,0.02397983489199102,0.08970128501065998,5489.298518419266,"Individual(fitness=inf, coeffs={'A': {'A': {'n': val=17.206870569435914, 'k': val=0.5484377003456321}, 'B': {'n': val=17.932148576085567, 'k': val=0.10352623844300922}, 'D': {'n': val=13.516889156530166, 'k': val=1.0164732117659143}, 'tau': val=3.054081883259642}, 'B': {'C': {'n': val=2.1807674307280704, 'k': val=0.5991331002554354}, 'D': {'n': val=13.517327282765095, 'k': val=0.776134377721576}, 'tau': val=2.9887339384417073}, 'C': {'A': {'n': val=30.0, 'k': val=1.0024873442931455}, 'D': {'n': val=21.881093031343703, 'k': val=1.623538363975252}, 'tau': val=3.1741274975681226}, 'D': {'A': {'n': val=29.279037417713734, 'k': val=0.7739371456381327}, 'D': {'n': val=14.636716329966152, 'k': val=0.2594017028922543}, 'tau': val=0.5509889830856606}}, ind_size=22)"
ABCD,CMAES,False,ABCD_CMAES_SERIAL_20250610_162342,3,RK45,MABS,33.761593175188985,3.283292186825974,0.026950018960181222,0.0844039829379725,2786.1884548664093,"Individual(fitness=inf, coeffs={'A': {'A': {'n': val=13.145934680073939, 'k': val=1.939051636588259}, 'B': {'n': val=16.07740643512582, 'k': val=1.3371047819965642}, 'D': {'n': val=19.12157558760123, 'k': val=1.0234301236628105}, 'tau': val=1.0307851726685315}, 'B': {'C': {'n': val=0.9379894833620168, 'k': val=0.45975259858908657}, 'D': {'n': val=3.554716299976938, 'k': val=0.7587154069237568}, 'tau': val=1.700004378874845}, 'C': {'A': {'n': val=2.985807620099173, 'k': val=0.7184129744268518}, 'D': {'n': val=27.493397002335183, 'k': val=0.32419797120290844}, 'tau': val=4.276163592922935}, 'D': {'A': {'n': val=28.34824493636377, 'k': val=0.9702948473990827}, 'D': {'n': val=28.325751881701933, 'k': val=0.25461899897704937}, 'tau': val=0.5419919332388307}}, ind_size=22)"
ABCD,CMAES,False,ABCD_CMAES_SERIAL_20250610_162342,3,DOP853,ABS,35.05977670400063,3.302624852652427,0.027268327293393665,0.08764944176000157,6844.296561002731,"Individual(fitness=inf, coeffs={'A': {'A': {'n': val=10.354922155998137, 'k': val=0.3518139671192681}, 'B': {'n': val=26.41276398154011, 'k': val=0.3576245560365522}, 'D': {'n': val=6.145858262146354, 'k': val=1.3348069424755713}, 'tau': val=2.9809661425155287}, 'B': {'C': {'n': val=1.776789416291666, 'k': val=0.6781764474769261}, 'D': {'n': val=21.980890799073872, 'k': val=0.7655653414113047}, 'tau': val=2.9272186970689758}, 'C': {'A': {'n': val=27.19991084561166, 'k': val=1.0039338926647805}, 'D': {'n': val=28.70819265457286, 'k': val=1.44346343186858}, 'tau': val=2.6485683278537064}, 'D': {'A': {'n': val=20.99925744333723, 'k': val=0.7617429286288467}, 'D': {'n': val=16.694490683270313, 'k': val=0.2911977491874831}, 'tau': val=0.5701520547839815}}, ind_size=22)"
ABCD,CMAES,False,ABCD_CMAES_SERIAL_20250610_162342,3,DOP853,SQUARED,37.06613601895405,3.2029844182494775,0.02564777295887236,0.09266534004738507,5623.290117740631,"Individual(fitness=inf, coeffs={'A': {'A': {'n': val=25.805536228213793, 'k': val=1.8296295726694443}, 'B': {'n': val=16.678473977797303, 'k': val=1.990339420799316}, 'D': {'n': val=7.032794439586835, 'k': val=1.1753351892659945}, 'tau': val=3.2953626224234993}, 'B': {'C': {'n': val=2.9303689944725733, 'k': val=0.6068152183764866}, 'D': {'n': val=5.111368085432655, 'k': val=0.6597015869217934}, 'tau': val=3.0608483383500436}, 'C': {'A': {'n': val=29.044374691716847, 'k': val=0.8832317853765896}, 'D': {'n': val=0.8646999929959939, 'k': val=1.0594488863911087}, 'tau': val=4.999922433666546}, 'D': {'A': {'n': val=25.966540305456185, 'k': val=0.7163223722173389}, 'D': {'n': val=10.753750360749349, 'k': val=0.252986209383013}, 'tau': val=0.6705582998969415}}, ind_size=22)"
ABCD,CMAES,False,ABCD_CMAES_SERIAL_20250610_162342,3,DOP853,MSE,37.06235178178993,3.1833476369716047,0.02533425544453175,0.09265587945447473,8811.112273931503,"Individual(fitness=inf, coeffs={'A': {'A': {'n': val=29.128953537350057, 'k': val=1.9358548173580596}, 'B': {'n': val=22.037310138739347, 'k': val=1.6773991628025406}, 'D': {'n': val=3.354704420820158, 'k': val=1.4606344383884062}, 'tau': val=2.6869792514533217}, 'B': {'C': {'n': val=2.7852352550975703, 'k': val=0.6228199706959742}, 'D': {'n': val=27.83986025646721, 'k': val=0.7672407376154198}, 'tau': val=3.170005221230516}, 'C': {'A': {'n': val=29.479273793912746, 'k': val=0.8798594945798925}, 'D': {'n': val=0.7043717177894505, 'k': val=1.5032911244087654}, 'tau': val=4.985734780757681}, 'D': {'A': {'n': val=29.777946276207864, 'k': val=0.7237392345137679}, 'D': {'n': val=19.249902120210628, 'k': val=0.2667497231551825}, 'tau': val=0.6083386411123521}}, ind_size=22)"
ABCD,CMAES,False,ABCD_CMAES_SERIAL_20250610_162342,3,DOP853,MABS,34.190799626323006,3.2557177187693784,0.026499244660772216,0.08547699906580755,9667.938848733902,"Individual(fitness=inf, coeffs={'A': {'A': {'n': val=6.56484283337411, 'k': val=0.2333997733130537}, 'B': {'n': val=25.497043449034624, 'k': val=0.10265884212884069}, 'D': {'n': val=9.430945888969097, 'k': val=1.2358860229039703}, 'tau': val=3.11333877433954}, 'B': {'C': {'n': val=1.7430878797871028, 'k': val=0.6713176272728506}, 'D': {'n': val=7.22378096985041, 'k': val=0.7078545910127765}, 'tau': val=2.8074265813374573}, 'C': {'A': {'n': val=29.378042507083613, 'k': val=1.0040759274833622}, 'D': {'n': val=29.34282312241598, 'k': val=1.8209201952786187}, 'tau': val=2.6397730883805366}, 'D': {'A': {'n': val=29.95677459728915, 'k': val=0.8003125801257585}, 'D': {'n': val=28.09305087499916, 'k': val=0.2997127093856731}, 'tau': val=0.5954175186490466}}, ind_size=22)"
ABCD,CMAES,False,ABCD_CMAES_SERIAL_20250610_162342,3,LSODA,ABS,42.85870643287743,4.214103606255646,0.04439667301064209,0.10714676608219355,984.4122495651245,"Individual(fitness=inf, coeffs={'A': {'A': {'n': val=0.5285573102175098, 'k': val=0.14098168806684488}, 'B': {'n': val=0.6036349032769478, 'k': val=1.2909786269011017}, 'D': {'n': val=17.913964494511273, 'k': val=0.9221081556233308}, 'tau': val=0.9742653992820218}, 'B': {'C': {'n': val=9.626940681473261, 'k': val=0.39145595739663075}, 'D': {'n': val=0.42725415018935564, 'k': val=0.7189130975919946}, 'tau': val=2.6011103228090366}, 'C': {'A': {'n': val=4.404873752076269, 'k': val=0.4249246804868574}, 'D': {'n': val=0.2141228849357351, 'k': val=1.1919679530610372}, 'tau': val=2.3301860597184723}, 'D': {'A': {'n': val=15.80824831132655, 'k': val=0.9259458765555119}, 'D': {'n': val=26.02871675806536, 'k': val=0.2790238374970726}, 'tau': val=0.487925530599646}}, ind_size=22)"
ABCD,CMAES,False,ABCD_CMAES_SERIAL_20250610_162342,3,LSODA,SQUARED,,,,,,
ABCD,CMAES,False,ABCD_CMAES_SERIAL_20250610_162342,3,LSODA,MSE,,,,,,
ABCD,CMAES,False,ABCD_CMAES_SERIAL_20250610_162342,3,LSODA,MABS,38.77869334949017,3.88076195469082,0.03765078337243928,0.09694673337372542,955.4124248027802,"Individual(fitness=inf, coeffs={'A': {'A': {'n': val=0.2188875155461592, 'k': val=1.5066462285274296}, 'B': {'n': val=0.7806799355991814, 'k': val=0.8615379184324511}, 'D': {'n': val=5.633338249263278, 'k': val=1.3021708521098958}, 'tau': val=1.040770799262763}, 'B': {'C': {'n': val=0.16515155297584577, 'k': val=0.8368308448357892}, 'D': {'n': val=4.251860168696481, 'k': val=0.6236385581266126}, 'tau': val=2.2939910872455767}, 'C': {'A': {'n': val=16.906243624152225, 'k': val=0.10053322364221126}, 'D': {'n': val=1.3943258409395016, 'k': val=0.271214115616926}, 'tau': val=2.5313603835106453}, 'D': {'A': {'n': val=29.422834954582136, 'k': val=0.933151331620323}, 'D': {'n': val=29.283586414130625, 'k': val=0.2931305350168717}, 'tau': val=0.550548630826831}}, ind_size=22)"
ABCD,CMAES,False,ABCD_CMAES_SERIAL_20250610_162342,4,RK45,ABS,33.64808953168062,3.2616261149777377,0.02659551228476192,0.08412022382920158,2105.244923353195,"Individual(fitness=inf, coeffs={'A': {'A': {'n': val=26.166226913035885, 'k': val=1.8631519382277906}, 'B': {'n': val=16.270148228117165, 'k': val=2.0}, 'D': {'n': val=29.00476425586789, 'k': val=0.9982095211691604}, 'tau': val=1.2682810107226568}, 'B': {'C': {'n': val=1.9798781300015493, 'k': val=0.6748007110473824}, 'D': {'n': val=7.087400064366644, 'k': val=0.7399934068937348}, 'tau': val=2.6687785536965407}, 'C': {'A': {'n': val=0.11586612159260003, 'k': val=0.40819543769763894}, 'D': {'n': val=12.011220181099103, 'k': val=0.41397134417956016}, 'tau': val=4.550543405505142}, 'D': {'A': {'n': val=29.342627661238637, 'k': val=0.9718821281055834}, 'D': {'n': val=11.002919134193245, 'k': val=0.18738933898726357}, 'tau': val=0.5947053896202443}}, ind_size=22)"
ABCD,CMAES,False,ABCD_CMAES_SERIAL_20250610_162342,4,RK45,SQUARED,35.47766614812655,2.7900449780557963,0.01946087744893592,0.08869416537031644,2368.827898979187,"Individual(fitness=inf, coeffs={'A': {'A': {'n': val=8.803922039439955, 'k': val=1.9110486767476451}, 'B': {'n': val=4.215194151418819, 'k': val=1.3299199543298608}, 'D': {'n': val=24.083611233470663, 'k': val=1.9394306548919873}, 'tau': val=2.5453267841273153}, 'B': {'C': {'n': val=1.0290027407259752, 'k': val=0.3934675960898298}, 'D': {'n': val=9.869787328075684, 'k': val=0.3852670675263159}, 'tau': val=3.77469556432282}, 'C': {'A': {'n': val=0.8982640021138677, 'k': val=1.0971690164604382}, 'D': {'n': val=24.59649907622755, 'k': val=0.36560223908498335}, 'tau': val=4.862311135460478}, 'D': {'A': {'n': val=26.810272222066846, 'k': val=0.9863745687498653}, 'D': {'n': val=22.28256555176859, 'k': val=0.10032930383948965}, 'tau': val=0.7690760079658698}}, ind_size=22)"
ABCD,CMAES,False,ABCD_CMAES_SERIAL_20250610_162342,4,RK45,MSE,35.03832937949009,3.0211881597028616,0.022818944740821908,0.0875958234487252,1763.0398819446564,"Individual(fitness=inf, coeffs={'A': {'A': {'n': val=12.591593033883546, 'k': val=1.7088950572147252}, 'B': {'n': val=19.751468125814988, 'k': val=1.5602938842788983}, 'D': {'n': val=26.655868511976717, 'k': val=1.8331508298448587}, 'tau': val=1.7488034705007667}, 'B': {'C': {'n': val=2.6444948204616097, 'k': val=0.6098861342123831}, 'D': {'n': val=10.50698266139264, 'k': val=0.6801320698711562}, 'tau': val=3.333865810610503}, 'C': {'A': {'n': val=0.8793671312783335, 'k': val=1.6035307817651976}, 'D': {'n': val=30.0, 'k': val=0.32222668341897853}, 'tau': val=4.9986612802917065}, 'D': {'A': {'n': val=29.750501974628197, 'k': val=0.9609542288898422}, 'D': {'n': val=12.102044471525899, 'k': val=0.20650626204414335}, 'tau': val=0.5904796269903989}}, ind_size=22)"
ABCD,CMAES,False,ABCD_CMAES_SERIAL_20250610_162342,4,RK45,MABS,32.19036161717826,3.1941829891882105,0.02550701242104834,0.08047590404294565,2156.8277645111084,"Individual(fitness=inf, coeffs={'A': {'A': {'n': val=28.729508363542543, 'k': val=2.0}, 'B': {'n': val=16.778299402227365, 'k': val=2.0}, 'D': {'n': val=29.257573757679666, 'k': val=1.0099928915026979}, 'tau': val=1.2218916240627602}, 'B': {'C': {'n': val=1.1054263391974732, 'k': val=0.6796154025188007}, 'D': {'n': val=15.739657216951926, 'k': val=0.7371991386884039}, 'tau': val=3.0677875361359375}, 'C': {'A': {'n': val=0.2562979454122642, 'k': val=0.47506892080030555}, 'D': {'n': val=30.0, 'k': val=0.3480741745326711}, 'tau': val=4.4842263381264384}, 'D': {'A': {'n': val=29.63981279267803, 'k': val=0.9724080725009557}, 'D': {'n': val=7.2587664872102575, 'k': val=0.10647359060894065}, 'tau': val=0.5175624412368378}}, ind_size=22)"
ABCD,CMAES,False,ABCD_CMAES_SERIAL_20250610_162342,4,DOP853,ABS,32.768578392787674,3.272701965396441,0.026776445385774332,0.08192144598196921,2582.3066329956055,"Individual(fitness=inf, coeffs={'A': {'A': {'n': val=25.02260581834272, 'k': val=0.6425424963735376}, 'B': {'n': val=20.41042171693032, 'k': val=0.1432391766266291}, 'D': {'n': val=8.024609608050252, 'k': val=1.3894372038711722}, 'tau': val=1.7927212931263783}, 'B': {'C': {'n': val=1.3118475127703542, 'k': val=0.6782011981906712}, 'D': {'n': val=13.150306461436344, 'k': val=0.7157641489345056}, 'tau': val=3.02506399988052}, 'C': {'A': {'n': val=0.5618275190301275, 'k': val=0.7966733508529551}, 'D': {'n': val=27.177231738349338, 'k': val=0.3507851189466118}, 'tau': val=4.481628394990812}, 'D': {'A': {'n': val=29.57209585308897, 'k': val=0.9681526780500561}, 'D': {'n': val=15.793226313049214, 'k': val=0.2387110176421388}, 'tau': val=0.5504006975776915}}, ind_size=22)"
ABCD,CMAES,False,ABCD_CMAES_SERIAL_20250610_162342,4,DOP853,SQUARED,36.561668019325566,3.07559472883471,0.023648207340089645,0.09140417004831393,9907.523097991943,"Individual(fitness=inf, coeffs={'A': {'A': {'n': val=29.77625098909994, 'k': val=0.40784747178299796}, 'B': {'n': val=26.582970202660725, 'k': val=0.10425865738589225}, 'D': {'n': val=29.96849678107198, 'k': val=1.3122615484002849}, 'tau': val=3.7382383559539325}, 'B': {'C': {'n': val=2.2527829932913557, 'k': val=0.6083330694446236}, 'D': {'n': val=30.0, 'k': val=0.7915494136317364}, 'tau': val=3.0239844033805707}, 'C': {'A': {'n': val=29.513653647066786, 'k': val=1.0019908674203055}, 'D': {'n': val=25.30750899566324, 'k': val=1.3321021116203524}, 'tau': val=3.3068238054348513}, 'D': {'A': {'n': val=29.87024106360268, 'k': val=0.81984503790806}, 'D': {'n': val=26.66479961679509, 'k': val=0.2670441974847197}, 'tau': val=0.546122437552005}}, ind_size=22)"
ABCD,CMAES,False,ABCD_CMAES_SERIAL_20250610_162342,4,DOP853,MSE,36.97671647388351,3.181940292377291,0.025311860060635218,0.09244179118470874,10858.263340473175,"Individual(fitness=inf, coeffs={'A': {'A': {'n': val=25.4722671607175, 'k': val=1.6265950493774648}, 'B': {'n': val=29.323976320807386, 'k': val=1.6662237300115692}, 'D': {'n': val=23.76500030030109, 'k': val=1.0735284458081533}, 'tau': val=3.786103575795048}, 'B': {'C': {'n': val=2.9713035363670897, 'k': val=0.617224480409618}, 'D': {'n': val=20.223134867653055, 'k': val=0.7355088368311765}, 'tau': val=3.1998053970842495}, 'C': {'A': {'n': val=30.0, 'k': val=0.8837008668840908}, 'D': {'n': val=0.2943304110761933, 'k': val=0.7113401371536965}, 'tau': val=4.999152089038959}, 'D': {'A': {'n': val=23.791036802523283, 'k': val=0.74512559744953}, 'D': {'n': val=28.63241728651013, 'k': val=0.2652543055157455}, 'tau': val=0.5907446229666244}}, ind_size=22)"
ABCD,CMAES,False,ABCD_CMAES_SERIAL_20250610_162342,4,DOP853,MABS,31.53568172584223,3.1464949372488396,0.02475107597533145,0.07883920431460559,2619.2096815109253,"Individual(fitness=inf, coeffs={'A': {'A': {'n': val=29.02332903471989, 'k': val=1.412753087964808}, 'B': {'n': val=19.698897905705607, 'k': val=1.2416577299895513}, 'D': {'n': val=9.556587092659463, 'k': val=1.1738436091053863}, 'tau': val=1.2978590594348272}, 'B': {'C': {'n': val=2.2218366867781074, 'k': val=0.6073914440926744}, 'D': {'n': val=18.348939499775533, 'k': val=0.6651367242468307}, 'tau': val=3.6178007137882227}, 'C': {'A': {'n': val=0.7960706325776157, 'k': val=1.2788948283608659}, 'D': {'n': val=29.360721258257858, 'k': val=0.3532240666740952}, 'tau': val=4.654531324871828}, 'D': {'A': {'n': val=20.509778971040348, 'k': val=0.9602964412776973}, 'D': {'n': val=23.200380356624187, 'k': val=0.2446192915367505}, 'tau': val=0.5693444541878745}}, ind_size=22)"
ABCD,CMAES,False,ABCD_CMAES_SERIAL_20250610_162342,4,LSODA,ABS,33.02572146113883,3.059330371559415,0.023398755805864667,0.08256430365284707,1232.831810951233,"Individual(fitness=inf, coeffs={'A': {'A': {'n': val=28.077750346341258, 'k': val=1.9568202395139012}, 'B': {'n': val=14.306590808523788, 'k': val=0.9225848381033799}, 'D': {'n': val=20.122612232695072, 'k': val=1.349329245074081}, 'tau': val=3.872725106202213}, 'B': {'C': {'n': val=0.7605929767694845, 'k': val=0.20007369899297195}, 'D': {'n': val=3.431245246941916, 'k': val=0.7507075925437484}, 'tau': val=1.937244899493056}, 'C': {'A': {'n': val=0.7393010441967328, 'k': val=1.058175891914785}, 'D': {'n': val=20.335401768960736, 'k': val=0.3665832927030901}, 'tau': val=4.940218357695656}, 'D': {'A': {'n': val=17.744357388439735, 'k': val=0.9545641976151072}, 'D': {'n': val=29.654719834793436, 'k': val=0.10007429885550159}, 'tau': val=0.5363719577865185}}, ind_size=22)"
ABCD,CMAES,False,ABCD_CMAES_SERIAL_20250610_162342,4,LSODA,SQUARED,,,,,,
ABCD,CMAES,False,ABCD_CMAES_SERIAL_20250610_162342,4,LSODA,MSE,,,,,,
ABCD,CMAES,False,ABCD_CMAES_SERIAL_20250610_162342,4,LSODA,MABS,34.32243745014649,3.1240768022229854,0.024399639665469482,0.08580609362536619,1244.0982801914215,"Individual(fitness=inf, coeffs={'A': {'A': {'n': val=11.710991449190743, 'k': val=1.690431608883006}, 'B': {'n': val=17.296576824379912, 'k': val=0.8018842080898199}, 'D': {'n': val=16.568302531355876, 'k': val=1.9322769794617194}, 'tau': val=4.11350710616438}, 'B': {'C': {'n': val=0.23258042232794832, 'k': val=0.20770148956548656}, 'D': {'n': val=2.72304014856236, 'k': val=1.1490062290058356}, 'tau': val=1.463976372378515}, 'C': {'A': {'n': val=0.7077111913364005, 'k': val=1.005553866558178}, 'D': {'n': val=29.060901596341647, 'k': val=0.34827556735403625}, 'tau': val=4.8194961425177745}, 'D': {'A': {'n': val=29.387579298397185, 'k': val=0.9724109989183447}, 'D': {'n': val=27.356875152147126, 'k': val=0.10023749598661387}, 'tau': val=0.5297701444229543}}, ind_size=22)"
ABCD,CMAES,False,ABCD_CMAES_SERIAL_20250610_162342,5,RK45,ABS,32.472838167787756,3.3129369752570894,0.02743887850506398,0.08118209541946939,1858.2781991958618,"Individual(fitness=inf, coeffs={'A': {'A': {'n': val=26.550687807806387, 'k': val=1.9674236116798074}, 'B': {'n': val=26.289702360552518, 'k': val=1.8415373643767}, 'D': {'n': val=9.012008056514688, 'k': val=1.1897289350096716}, 'tau': val=0.9990392642544378}, 'B': {'C': {'n': val=2.1260121238828567, 'k': val=0.5999876837043405}, 'D': {'n': val=8.919232273972744, 'k': val=0.6570525782781006}, 'tau': val=3.2405692865863034}, 'C': {'A': {'n': val=2.736075059995037, 'k': val=0.5366433178576963}, 'D': {'n': val=15.615495254522775, 'k': val=0.3257850909130832}, 'tau': val=3.594448384027821}, 'D': {'A': {'n': val=29.30960898396326, 'k': val=0.9723948674667022}, 'D': {'n': val=10.1813324516275, 'k': val=0.14995822916024182}, 'tau': val=0.5395193554818246}}, ind_size=22)"
ABCD,CMAES,False,ABCD_CMAES_SERIAL_20250610_162342,5,RK45,SQUARED,,,,,,
ABCD,CMAES,False,ABCD_CMAES_SERIAL_20250610_162342,5,RK45,MSE,35.217815836832635,2.90578936337827,0.02110902956080575,0.08804453959208161,1894.267903804779,"Individual(fitness=inf, coeffs={'A': {'A': {'n': val=29.529108201871857, 'k': val=1.7606521752269557}, 'B': {'n': val=4.350346450171281, 'k': val=1.460276676408233}, 'D': {'n': val=17.740623539709688, 'k': val=1.7687208051623617}, 'tau': val=2.366066533877575}, 'B': {'C': {'n': val=0.19660667576610544, 'k': val=0.5027043819905223}, 'D': {'n': val=5.649681566199597, 'k': val=0.5824492978494396}, 'tau': val=2.6551734419989317}, 'C': {'A': {'n': val=0.6643096740723667, 'k': val=1.826165209030258}, 'D': {'n': val=29.078437869951525, 'k': val=0.34961527805825104}, 'tau': val=4.870417686001148}, 'D': {'A': {'n': val=29.604079546318207, 'k': val=0.9910889902821449}, 'D': {'n': val=12.131428415697918, 'k': val=0.10007945867417876}, 'tau': val=0.7010146593426179}}, ind_size=22)"
ABCD,CMAES,False,ABCD_CMAES_SERIAL_20250610_162342,5,RK45,MABS,33.51268971431594,3.2336338567932095,0.026140969799498315,0.08378172428578985,1769.3354966640472,"Individual(fitness=inf, coeffs={'A': {'A': {'n': val=24.91466958157133, 'k': val=1.4842308874013341}, 'B': {'n': val=29.369247492460218, 'k': val=1.8467541057316574}, 'D': {'n': val=20.59602005442132, 'k': val=1.0287834855659364}, 'tau': val=1.0632824559261205}, 'B': {'C': {'n': val=0.5507647621277227, 'k': val=0.23731424117769373}, 'D': {'n': val=3.1774674480510217, 'k': val=0.764172075460948}, 'tau': val=1.6859080205792403}, 'C': {'A': {'n': val=0.3892376519547443, 'k': val=1.9886847361170188}, 'D': {'n': val=30.0, 'k': val=0.34793368958501286}, 'tau': val=4.623088527946885}, 'D': {'A': {'n': val=29.520446654295853, 'k': val=0.9723938335288931}, 'D': {'n': val=29.665549921293078, 'k': val=0.13080718633352975}, 'tau': val=0.5148652751416103}}, ind_size=22)"
ABCD,CMAES,False,ABCD_CMAES_SERIAL_20250610_162342,5,DOP853,ABS,34.82721359771109,3.3126136537516455,0.027433523047554576,0.08706803399427775,8313.01632475853,"Individual(fitness=inf, coeffs={'A': {'A': {'n': val=29.91165199857289, 'k': val=1.5799278364046476}, 'B': {'n': val=18.44717646594882, 'k': val=1.8748235565545084}, 'D': {'n': val=17.889327260597017, 'k': val=1.1379962847032719}, 'tau': val=3.6731118011411765}, 'B': {'C': {'n': val=2.586650896835345, 'k': val=0.6084135744973388}, 'D': {'n': val=24.919241695715243, 'k': val=0.6500656960664423}, 'tau': val=3.5498608256635062}, 'C': {'A': {'n': val=29.93917020663256, 'k': val=0.8866305134828363}, 'D': {'n': val=0.44489173862815395, 'k': val=1.4149930280894234}, 'tau': val=4.565912835056997}, 'D': {'A': {'n': val=27.2162815667884, 'k': val=0.7524058554130302}, 'D': {'n': val=19.476522913629612, 'k': val=0.29589031469539867}, 'tau': val=0.5850062579408251}}, ind_size=22)"
ABCD,CMAES,False,ABCD_CMAES_SERIAL_20250610_162342,5,DOP853,SQUARED,38.97698481028661,3.2160349902472722,0.02585720264623692,0.09744246202571658,7633.065384626389,"Individual(fitness=inf, coeffs={'A': {'A': {'n': val=22.90315749113747, 'k': val=1.913771245292692}, 'B': {'n': val=29.517397588468132, 'k': val=1.4616858077594372}, 'D': {'n': val=22.49058322065245, 'k': val=1.0053405231120671}, 'tau': val=2.507310208411524}, 'B': {'C': {'n': val=10.724646174903416, 'k': val=0.44430850688665635}, 'D': {'n': val=1.789414426239971, 'k': val=0.365047209650741}, 'tau': val=3.192239214632731}, 'C': {'A': {'n': val=29.375208039651714, 'k': val=1.0001080989282671}, 'D': {'n': val=3.3418313212727124, 'k': val=0.9911621403037801}, 'tau': val=4.846488464674738}, 'D': {'A': {'n': val=25.854770953457873, 'k': val=0.8152051794769537}, 'D': {'n': val=21.699509454576827, 'k': val=0.26589179442726524}, 'tau': val=0.6605845548749265}}, ind_size=22)"
ABCD,CMAES,False,ABCD_CMAES_SERIAL_20250610_162342,5,DOP853,MSE,33.835585578307736,2.777075338262448,0.019280368585963735,0.08458896394576933,3080.173686027527,"Individual(fitness=inf, coeffs={'A': {'A': {'n': val=12.1882857924672, 'k': val=1.9709346985494016}, 'B': {'n': val=7.064363827651892, 'k': val=0.9593918561414773}, 'D': {'n': val=18.22766787464444, 'k': val=1.2716086934974904}, 'tau': val=3.4923015761002345}, 'B': {'C': {'n': val=29.238471062818284, 'k': val=0.4413211477548042}, 'D': {'n': val=2.758109716389475, 'k': val=0.26891980513878005}, 'tau': val=3.882951875062844}, 'C': {'A': {'n': val=0.925138549286992, 'k': val=0.3507321005694817}, 'D': {'n': val=25.79734787912512, 'k': val=0.40714021821725865}, 'tau': val=4.899692847088691}, 'D': {'A': {'n': val=27.510471220807425, 'k': val=0.9903976262435209}, 'D': {'n': val=28.18617461223365, 'k': val=0.10371993869759188}, 'tau': val=0.8721751741560382}}, ind_size=22)"
ABCD,CMAES,False,ABCD_CMAES_SERIAL_20250610_162342,5,DOP853,MABS,34.8981306997055,3.3165391982303083,0.027498580633495327,0.08724532674926376,11211.052336454391,"Individual(fitness=inf, coeffs={'A': {'A': {'n': val=21.42060675225187, 'k': val=1.564765226046041}, 'B': {'n': val=16.91384332423576, 'k': val=1.8690640285494433}, 'D': {'n': val=25.307749083719475, 'k': val=1.847577322906414}, 'tau': val=3.894346268804559}, 'B': {'C': {'n': val=2.6521517853022782, 'k': val=0.6053847961741423}, 'D': {'n': val=29.58807158291559, 'k': val=0.6136214047912417}, 'tau': val=3.5649089682681643}, 'C': {'A': {'n': val=29.230799306019474, 'k': val=0.8824281493074677}, 'D': {'n': val=0.8460032161876871, 'k': val=0.23364096932055983}, 'tau': val=4.628229910251274}, 'D': {'A': {'n': val=28.539076051369225, 'k': val=0.7560812328666977}, 'D': {'n': val=28.160334245660074, 'k': val=0.29967052862297877}, 'tau': val=0.5649766653558895}}, ind_size=22)"
ABCD,CMAES,False,ABCD_CMAES_SERIAL_20250610_162342,5,LSODA,ABS,40.79529106625863,4.012197848444116,0.040244328937648996,0.1019882276656465,1066.990213394165,"Individual(fitness=inf, coeffs={'A': {'A': {'n': val=28.483827865293385, 'k': val=1.8614032016533204}, 'B': {'n': val=29.714461287711583, 'k': val=1.022897534099098}, 'D': {'n': val=10.690076730047235, 'k': val=1.051992644669385}, 'tau': val=0.9970090530815826}, 'B': {'C': {'n': val=18.16633814756664, 'k': val=0.4576254590055499}, 'D': {'n': val=0.565948919918568, 'k': val=0.46898924946712467}, 'tau': val=3.180525605678218}, 'C': {'A': {'n': val=0.7333909761775553, 'k': val=1.520153393074814}, 'D': {'n': val=2.353719671118758, 'k': val=1.6745862139859082}, 'tau': val=2.4255913576663937}, 'D': {'A': {'n': val=16.40136128756972, 'k': val=0.9291368594127448}, 'D': {'n': val=28.63407878152894, 'k': val=0.2812069267266403}, 'tau': val=0.4367661842124451}}, ind_size=22)"
ABCD,CMAES,False,ABCD_CMAES_SERIAL_20250610_162342,5,LSODA,SQUARED,34.671594216336196,3.0395064129734712,0.023096498086267153,0.08667898554084048,1135.8795444965363,"Individual(fitness=inf, coeffs={'A': {'A': {'n': val=16.318142693501056, 'k': val=1.9102946687947588}, 'B': {'n': val=13.387539385408068, 'k': val=1.2899307058425984}, 'D': {'n': val=6.303824945170685, 'k': val=1.5316451751609497}, 'tau': val=1.4702145136353113}, 'B': {'C': {'n': val=2.4194361401180844, 'k': val=0.6139535166097934}, 'D': {'n': val=8.300954505336623, 'k': val=0.6972942537471117}, 'tau': val=3.124893239844293}, 'C': {'A': {'n': val=0.10148301809185466, 'k': val=1.037161163579608}, 'D': {'n': val=29.00221992913321, 'k': val=0.3140210684956419}, 'tau': val=4.999997322460226}, 'D': {'A': {'n': val=28.869962849205166, 'k': val=0.9657442031219136}, 'D': {'n': val=26.78449402230639, 'k': val=0.20355253511316204}, 'tau': val=0.6145656007277682}}, ind_size=22)"
ABCD,CMAES,False,ABCD_CMAES_SERIAL_20250610_162342,5,LSODA,MSE,,,,,,
ABCD,CMAES,False,ABCD_CMAES_SERIAL_20250610_162342,5,LSODA,MABS,39.87379282477332,3.86929572352638,0.03742862349024883,0.0996844820619333,1007.6740596294403,"Individual(fitness=inf, coeffs={'A': {'A': {'n': val=19.478983315141612, 'k': val=1.9021171230413023}, 'B': {'n': val=13.837801380074161, 'k': val=0.8783992435364899}, 'D': {'n': val=5.557241368947342, 'k': val=1.00561946225032}, 'tau': val=1.2661181059439441}, 'B': {'C': {'n': val=19.691254723323897, 'k': val=0.45851779057656783}, 'D': {'n': val=0.6739941345620213, 'k': val=0.7268080689433388}, 'tau': val=3.2473894326836374}, 'C': {'A': {'n': val=0.8553783192209773, 'k': val=0.9080945961747313}, 'D': {'n': val=2.2296239777849207, 'k': val=1.7084966557899324}, 'tau': val=2.3593358051328224}, 'D': {'A': {'n': val=9.64261594403916, 'k': val=0.914464042863897}, 'D': {'n': val=28.68753758065967, 'k': val=0.10140329350469728}, 'tau': val=0.49607495703740073}}, ind_size=22)"
ABCD,CMAES,False,ABCD_CMAES_SERIAL_20250610_162342,6,RK45,ABS,36.330038770478204,3.301006724189139,0.02724161348285479,0.09082509692619556,2469.2823238372803,"Individual(fitness=inf, coeffs={'A': {'A': {'n': val=23.234459690991514, 'k': val=1.6990442846596625}, 'B': {'n': val=14.016786680308487, 'k': val=1.1027919213823125}, 'D': {'n': val=12.002085565312827, 'k': val=1.1191360557561327}, 'tau': val=1.0940843923460346}, 'B': {'C': {'n': val=23.379546789091368, 'k': val=0.4730839560231666}, 'D': {'n': val=0.9875850696900798, 'k': val=1.8739531172691761}, 'tau': val=2.8481768021757516}, 'C': {'A': {'n': val=0.8350128377245947, 'k': val=1.546068070656448}, 'D': {'n': val=29.69348224797616, 'k': val=0.3478944717186377}, 'tau': val=4.999991660579943}, 'D': {'A': {'n': val=29.9908535436509, 'k': val=0.971718521253144}, 'D': {'n': val=22.04150736439408, 'k': val=0.24210315252029202}, 'tau': val=0.5408694934387482}}, ind_size=22)"
ABCD,CMAES,False,ABCD_CMAES_SERIAL_20250610_162342,6,RK45,SQUARED,,,,,,
ABCD,CMAES,False,ABCD_CMAES_SERIAL_20250610_162342,6,RK45,MSE,,,,,,
ABCD,CMAES,False,ABCD_CMAES_SERIAL_20250610_162342,6,RK45,MABS,30.672309587625602,2.8765692512690775,0.02068662664336686,0.07668077396906402,2126.1130986213684,"Individual(fitness=inf, coeffs={'A': {'A': {'n': val=16.599201205022617, 'k': val=1.898457691776498}, 'B': {'n': val=13.712688863649156, 'k': val=0.9709385600355399}, 'D': {'n': val=8.732211357891142, 'k': val=1.4837366603282056}, 'tau': val=2.5605211398834946}, 'B': {'C': {'n': val=3.4249641076610984, 'k': val=0.4635164789621078}, 'D': {'n': val=8.287401160489063, 'k': val=0.377168009218367}, 'tau': val=4.247072958031268}, 'C': {'A': {'n': val=0.7798672126115553, 'k': val=1.1199339365684975}, 'D': {'n': val=28.709014885529687, 'k': val=0.35028117281704446}, 'tau': val=4.958680821865876}, 'D': {'A': {'n': val=29.14034728892063, 'k': val=0.9734009424045318}, 'D': {'n': val=29.52057026319485, 'k': val=0.100523555868389}, 'tau': val=0.5750020617233638}}, ind_size=22)"
ABCD,CMAES,False,ABCD_CMAES_SERIAL_20250610_162342,6,DOP853,ABS,35.04647518494904,3.312338829513703,0.027428971303760524,0.08761618796237261,9074.29327750206,"Individual(fitness=inf, coeffs={'A': {'A': {'n': val=27.271933688789833, 'k': val=1.441213740349454}, 'B': {'n': val=12.136267610041319, 'k': val=1.739930925962681}, 'D': {'n': val=9.583435537688281, 'k': val=1.232054516665427}, 'tau': val=3.7265746899278387}, 'B': {'C': {'n': val=1.4765731510933113, 'k': val=0.6849067736648411}, 'D': {'n': val=15.570745596954115, 'k': val=0.7822563522330648}, 'tau': val=2.8547928981267527}, 'C': {'A': {'n': val=29.395948537649687, 'k': val=0.8852850148324312}, 'D': {'n': val=0.13040004520456566, 'k': val=1.6207366675105936}, 'tau': val=4.640048613387577}, 'D': {'A': {'n': val=28.313085693825386, 'k': val=0.7255899464396264}, 'D': {'n': val=28.233450255604414, 'k': val=0.2977755088245381}, 'tau': val=0.5667391693616212}}, ind_size=22)"
ABCD,CMAES,False,ABCD_CMAES_SERIAL_20250610_162342,6,DOP853,SQUARED,35.357576952610586,3.058043532030405,0.023379075609482495,0.08839394238152647,3233.7488052845,"Individual(fitness=inf, coeffs={'A': {'A': {'n': val=15.690008165906635, 'k': val=1.9988084474353045}, 'B': {'n': val=13.586858362082985, 'k': val=1.9278225988253583}, 'D': {'n': val=24.797237460359845, 'k': val=1.0503119388293514}, 'tau': val=1.4254543644524262}, 'B': {'C': {'n': val=2.1734968541951085, 'k': val=0.5958687828135727}, 'D': {'n': val=6.277821076910919, 'k': val=0.6719151602734339}, 'tau': val=3.1475711433477733}, 'C': {'A': {'n': val=1.5871244452250024, 'k': val=0.30443561464203894}, 'D': {'n': val=19.67890277619556, 'k': val=0.28718660942723384}, 'tau': val=4.544840709638768}, 'D': {'A': {'n': val=29.183237285752238, 'k': val=0.9653336546609539}, 'D': {'n': val=21.103275958349368, 'k': val=0.21775398581959335}, 'tau': val=0.5759212739091896}}, ind_size=22)"
ABCD,CMAES,False,ABCD_CMAES_SERIAL_20250610_162342,6,DOP853,MSE,41.16513233301998,3.3479423636715593,0.02802179517616676,0.10291283083254994,9371.52780008316,"Individual(fitness=inf, coeffs={'A': {'A': {'n': val=0.36480206657291414, 'k': val=0.5990993069163214}, 'B': {'n': val=0.32376106777066527, 'k': val=1.8894956331397441}, 'D': {'n': val=4.523469854074253, 'k': val=1.2053834327441089}, 'tau': val=2.5561538909121855}, 'B': {'C': {'n': val=28.54121267333422, 'k': val=0.4978883629908645}, 'D': {'n': val=0.6009075224155126, 'k': val=0.8831752536780186}, 'tau': val=2.6340391749360035}, 'C': {'A': {'n': val=29.387335177215665, 'k': val=0.8926130706264712}, 'D': {'n': val=0.3084967954483595, 'k': val=1.3474217700063242}, 'tau': val=4.9690188979548875}, 'D': {'A': {'n': val=26.052875040004118, 'k': val=0.7489171683722103}, 'D': {'n': val=29.09379163130535, 'k': val=0.27094125358527255}, 'tau': val=0.6100020364460518}}, ind_size=22)"
ABCD,CMAES,False,ABCD_CMAES_SERIAL_20250610_162342,6,DOP853,MABS,31.611571468568325,3.013272653493886,0.022699530210735216,0.07902892867142078,2448.156021118164,"Individual(fitness=inf, coeffs={'A': {'A': {'n': val=20.73395969505094, 'k': val=1.5045553418655504}, 'B': {'n': val=19.029426230522915, 'k': val=0.9613206854113764}, 'D': {'n': val=13.400081830394175, 'k': val=1.2998425218381962}, 'tau': val=3.210230081423855}, 'B': {'C': {'n': val=5.571215039365896, 'k': val=0.5573728329855693}, 'D': {'n': val=10.258731524640048, 'k': val=0.5561553265180188}, 'tau': val=4.000625342110711}, 'C': {'A': {'n': val=0.8714265057460735, 'k': val=1.4196087687254346}, 'D': {'n': val=13.771689245149407, 'k': val=0.40734136242472685}, 'tau': val=4.798918713783251}, 'D': {'A': {'n': val=26.422112311921342, 'k': val=0.9697409166270365}, 'D': {'n': val=19.871323305858144, 'k': val=0.10050863646252546}, 'tau': val=0.6318777176887842}}, ind_size=22)"
ABCD,CMAES,False,ABCD_CMAES_SERIAL_20250610_162342,6,LSODA,ABS,41.836863169740425,4.006431784403722,0.040128739107700956,0.10459215792435103,898.0865721702576,"Individual(fitness=inf, coeffs={'A': {'A': {'n': val=14.713756625844027, 'k': val=1.2764099074138}, 'B': {'n': val=5.041860304768883, 'k': val=1.1010143106268784}, 'D': {'n': val=10.845788263401442, 'k': val=0.9280465802467028}, 'tau': val=4.082144650318852}, 'B': {'C': {'n': val=3.10266664123636, 'k': val=0.5757036991391209}, 'D': {'n': val=25.382470108317396, 'k': val=0.7910235490837315}, 'tau': val=3.274363397621754}, 'C': {'A': {'n': val=2.64251209099275, 'k': val=1.064222486183387}, 'D': {'n': val=25.789387438656025, 'k': val=1.024050809152564}, 'tau': val=2.7568513369473564}, 'D': {'A': {'n': val=7.239412141637455, 'k': val=0.5752036082441442}, 'D': {'n': val=4.237395142402943, 'k': val=0.24595338348935705}, 'tau': val=0.5299594541168138}}, ind_size=22)"
ABCD,CMAES,False,ABCD_CMAES_SERIAL_20250610_162342,6,LSODA,SQUARED,38.05976627267388,3.169995795069124,0.025122183351889812,0.09514941568168465,1021.5458083152771,"Individual(fitness=inf, coeffs={'A': {'A': {'n': val=28.396872878283776, 'k': val=0.3881203629132708}, 'B': {'n': val=25.394038081652713, 'k': val=0.11692308959457631}, 'D': {'n': val=6.200115272113846, 'k': val=1.8602928018697205}, 'tau': val=1.7516311689504367}, 'B': {'C': {'n': val=14.146429994997327, 'k': val=0.45531374377558015}, 'D': {'n': val=1.9642013068512978, 'k': val=0.31796977500029094}, 'tau': val=3.202306398664047}, 'C': {'A': {'n': val=0.8263332288460669, 'k': val=1.9396081353046541}, 'D': {'n': val=30.0, 'k': val=0.313592413146249}, 'tau': val=5.0}, 'D': {'A': {'n': val=29.289763781984146, 'k': val=0.9572867152105877}, 'D': {'n': val=10.747609002062624, 'k': val=0.2060559023384963}, 'tau': val=0.5831346323554487}}, ind_size=22)"
ABCD,CMAES,False,ABCD_CMAES_SERIAL_20250610_162342,6,LSODA,MSE,,,,,,
ABCD,CMAES,False,ABCD_CMAES_SERIAL_20250610_162342,6,LSODA,MABS,,,,,,
ABCD,CMAES,False,ABCD_CMAES_SERIAL_20250610_162342,7,RK45,ABS,38.669878065410416,3.884450600536755,0.0377223911700259,0.09667469516352614,1902.1835334300995,"Individual(fitness=inf, coeffs={'A': {'A': {'n': val=16.536056743289713, 'k': val=1.9980374225538715}, 'B': {'n': val=26.982438776610664, 'k': val=1.1040624598818753}, 'D': {'n': val=11.019979415729448, 'k': val=1.1071645838514377}, 'tau': val=0.9990316460410976}, 'B': {'C': {'n': val=2.1648422268433474, 'k': val=0.6041841536964692}, 'D': {'n': val=19.888144464916323, 'k': val=0.8203595476586402}, 'tau': val=2.9727061215464015}, 'C': {'A': {'n': val=0.6808810790521586, 'k': val=0.10499336779398977}, 'D': {'n': val=2.460110661565506, 'k': val=1.6118981054558188}, 'tau': val=2.103511428845589}, 'D': {'A': {'n': val=30.0, 'k': val=0.9456558047595133}, 'D': {'n': val=3.2263354803068602, 'k': val=0.16812881709112995}, 'tau': val=0.5147301012124146}}, ind_size=22)"
ABCD,CMAES,False,ABCD_CMAES_SERIAL_20250610_162342,7,RK45,SQUARED,34.9449227491097,3.0339064309530186,0.023011470579445213,0.08736230687277426,2048.9240572452545,"Individual(fitness=inf, coeffs={'A': {'A': {'n': val=17.701643012735165, 'k': val=1.5752188036230999}, 'B': {'n': val=18.417817829787648, 'k': val=1.2063978526171661}, 'D': {'n': val=14.269616097027466, 'k': val=1.3716012618636695}, 'tau': val=1.7921814663128148}, 'B': {'C': {'n': val=2.9528473106010176, 'k': val=0.6191751546209915}, 'D': {'n': val=14.085611633218187, 'k': val=0.7308451951839234}, 'tau': val=3.1357379230146094}, 'C': {'A': {'n': val=0.47631867734002475, 'k': val=0.9288292832375473}, 'D': {'n': val=30.0, 'k': val=0.310778360115539}, 'tau': val=4.99985452162363}, 'D': {'A': {'n': val=30.0, 'k': val=0.9667929563291111}, 'D': {'n': val=10.035493874240153, 'k': val=0.15653124811068644}, 'tau': val=0.6200282768846732}}, ind_size=22)"
ABCD,CMAES,False,ABCD_CMAES_SERIAL_20250610_162342,7,RK45,MSE,,,,,,
ABCD,CMAES,False,ABCD_CMAES_SERIAL_20250610_162342,7,RK45,MABS,32.94417450960397,3.1014216980380827,0.024047041372653562,0.08236043627400984,1786.9730279445648,"Individual(fitness=inf, coeffs={'A': {'A': {'n': val=27.94882506719549, 'k': val=1.8108608184577115}, 'B': {'n': val=10.470629118197545, 'k': val=1.053139350778003}, 'D': {'n': val=28.362923527170462, 'k': val=1.4328934777212754}, 'tau': val=3.270629540584202}, 'B': {'C': {'n': val=1.1073353292411177, 'k': val=0.6767022262015023}, 'D': {'n': val=24.88140099671101, 'k': val=0.8646587795233198}, 'tau': val=2.644768692856224}, 'C': {'A': {'n': val=0.6473248616115543, 'k': val=0.4139955102285992}, 'D': {'n': val=8.804050717033522, 'k': val=0.48018741322069625}, 'tau': val=4.53039581011662}, 'D': {'A': {'n': val=29.661464285529803, 'k': val=0.9745844392756754}, 'D': {'n': val=28.411916631815718, 'k': val=0.1000004549878755}, 'tau': val=0.5332826635402387}}, ind_size=22)"
ABCD,CMAES,False,ABCD_CMAES_SERIAL_20250610_162342,7,DOP853,ABS,34.94601391377327,3.2965700620534,0.027168435435066893,0.08736503478443314,6180.831051111221,"Individual(fitness=inf, coeffs={'A': {'A': {'n': val=20.0447916022819, 'k': val=1.8589598969344878}, 'B': {'n': val=26.137560645885422, 'k': val=1.3973498107383164}, 'D': {'n': val=28.54248743628267, 'k': val=1.6422272568762901}, 'tau': val=3.7757974427816343}, 'B': {'C': {'n': val=2.6959979758530204, 'k': val=0.6084275216435486}, 'D': {'n': val=12.318865573568095, 'k': val=0.6398827575982206}, 'tau': val=3.5646039675032277}, 'C': {'A': {'n': val=30.0, 'k': val=0.8886697234779308}, 'D': {'n': val=0.366371420998419, 'k': val=1.2879594666023269}, 'tau': val=4.731318570069106}, 'D': {'A': {'n': val=29.113772684793098, 'k': val=0.7671716015219393}, 'D': {'n': val=9.30601131975142, 'k': val=0.2818917108199624}, 'tau': val=0.587188367895518}}, ind_size=22)"
ABCD,CMAES,False,ABCD_CMAES_SERIAL_20250610_162342,7,DOP853,SQUARED,36.59816404716624,3.1509917275609576,0.024821872167893964,0.09149541011791555,4420.567564725876,"Individual(fitness=inf, coeffs={'A': {'A': {'n': val=29.90496617918108, 'k': val=1.41078759987432}, 'B': {'n': val=14.346108936239204, 'k': val=1.918354259100291}, 'D': {'n': val=6.021504151026309, 'k': val=1.3365421194343503}, 'tau': val=3.02113996266792}, 'B': {'C': {'n': val=2.4668487178824234, 'k': val=0.5966724002907033}, 'D': {'n': val=29.68556283743137, 'k': val=0.7560628313165182}, 'tau': val=3.128190539864734}, 'C': {'A': {'n': val=30.0, 'k': val=1.001970581488901}, 'D': {'n': val=29.99191631336519, 'k': val=1.8895825527066938}, 'tau': val=3.1574321293776864}, 'D': {'A': {'n': val=29.94649760296046, 'k': val=0.7688759445081634}, 'D': {'n': val=6.142747670465644, 'k': val=0.23326217821852116}, 'tau': val=0.6369785826101609}}, ind_size=22)"
ABCD,CMAES,False,ABCD_CMAES_SERIAL_20250610_162342,7,DOP853,MSE,,,,,,
ABCD,CMAES,False,ABCD_CMAES_SERIAL_20250610_162342,7,DOP853,MABS,35.411224200616786,3.3555461252013212,0.028149224495883984,0.08852806050154197,6504.068734884262,"Individual(fitness=inf, coeffs={'A': {'A': {'n': val=22.693650335432537, 'k': val=1.8549125123500354}, 'B': {'n': val=27.661471236030877, 'k': val=1.929991259231741}, 'D': {'n': val=29.62183963002865, 'k': val=1.3119248870379516}, 'tau': val=3.8035807484371014}, 'B': {'C': {'n': val=1.7067532115276989, 'k': val=0.6893670838591412}, 'D': {'n': val=13.760317443400924, 'k': val=0.7378966048923024}, 'tau': val=3.053116733621772}, 'C': {'A': {'n': val=30.0, 'k': val=0.8920477140374398}, 'D': {'n': val=0.49684927681629226, 'k': val=1.3002690436690338}, 'tau': val=4.432817943925601}, 'D': {'A': {'n': val=29.126692489033864, 'k': val=0.7639346609612292}, 'D': {'n': val=8.156125524758915, 'k': val=0.27478511292089436}, 'tau': val=0.5755533304020848}}, ind_size=22)"
ABCD,CMAES,False,ABCD_CMAES_SERIAL_20250610_162342,7,LSODA,ABS,35.71598391041332,3.355221617203531,0.02814378025137467,0.08928995977603335,1011.4478957653046,"Individual(fitness=inf, coeffs={'A': {'A': {'n': val=0.9437174910658147, 'k': val=0.7439687259983944}, 'B': {'n': val=0.9730000780328297, 'k': val=1.1681958888062203}, 'D': {'n': val=29.593298157998262, 'k': val=1.6894196025888113}, 'tau': val=4.020532596754518}, 'B': {'C': {'n': val=1.000047530546531, 'k': val=0.6838253508464859}, 'D': {'n': val=28.422836454663592, 'k': val=0.7590294895944963}, 'tau': val=3.019154144804843}, 'C': {'A': {'n': val=30.0, 'k': val=0.8873262786179478}, 'D': {'n': val=0.6057215375239923, 'k': val=0.5288087659918048}, 'tau': val=4.640050915118737}, 'D': {'A': {'n': val=29.869421102265004, 'k': val=0.7460232995232153}, 'D': {'n': val=12.621617017592412, 'k': val=0.28793010122006807}, 'tau': val=0.5684128025278818}}, ind_size=22)"
ABCD,CMAES,False,ABCD_CMAES_SERIAL_20250610_162342,7,LSODA,SQUARED,36.375906097620685,3.1542273931154186,0.02487287611869922,0.09093976524405173,1034.020426750183,"Individual(fitness=inf, coeffs={'A': {'A': {'n': val=13.337697024450884, 'k': val=1.9953676638141291}, 'B': {'n': val=19.94023629087267, 'k': val=1.6888937856213297}, 'D': {'n': val=12.081451803062333, 'k': val=1.0258946753225973}, 'tau': val=2.5925222115395696}, 'B': {'C': {'n': val=3.8755975326595142, 'k': val=0.5855777580238145}, 'D': {'n': val=18.719997895578263, 'k': val=0.7363142022131864}, 'tau': val=3.4849998726812785}, 'C': {'A': {'n': val=30.0, 'k': val=1.0028535092664976}, 'D': {'n': val=29.913484209194923, 'k': val=1.5963084889303516}, 'tau': val=3.2231571518492275}, 'D': {'A': {'n': val=18.014411302638514, 'k': val=0.7436481675440848}, 'D': {'n': val=13.076557421297505, 'k': val=0.2576957585099501}, 'tau': val=0.5543157002456189}}, ind_size=22)"
ABCD,CMAES,False,ABCD_CMAES_SERIAL_20250610_162342,7,LSODA,MSE,,,,,,
ABCD,CMAES,False,ABCD_CMAES_SERIAL_20250610_162342,7,LSODA,MABS,,,,,,
ABCD,CMAES,False,ABCD_CMAES_SERIAL_20250610_162342,8,RK45,ABS,,,,,,
ABCD,CMAES,False,ABCD_CMAES_SERIAL_20250610_162342,8,RK45,SQUARED,42.54740521732506,3.2029082917011458,0.025646553812619873,0.10636851304331266,2294.1259727478027,"Individual(fitness=inf, coeffs={'A': {'A': {'n': val=18.041261218883957, 'k': val=1.8636516184124639}, 'B': {'n': val=5.224680735474812, 'k': val=0.99204885928027}, 'D': {'n': val=4.13999367593853, 'k': val=1.1711186030562946}, 'tau': val=1.3010224214570252}, 'B': {'C': {'n': val=25.089212699203255, 'k': val=0.49500942711694634}, 'D': {'n': val=0.8250895773461957, 'k': val=1.0547378794590867}, 'tau': val=3.0517480928233898}, 'C': {'A': {'n': val=0.8772087936557517, 'k': val=1.7566617948903946}, 'D': {'n': val=5.955106075722117, 'k': val=0.5211650257595694}, 'tau': val=4.682915275737244}, 'D': {'A': {'n': val=29.688109727850716, 'k': val=1.009852942396941}, 'D': {'n': val=17.3795434844378, 'k': val=0.13202053271263225}, 'tau': val=0.8741753051567098}}, ind_size=22)"
ABCD,CMAES,False,ABCD_CMAES_SERIAL_20250610_162342,8,RK45,MSE,37.28055561986982,3.2199110259623844,0.025919567537785338,0.09320138904967458,5827.07110285759,"Individual(fitness=inf, coeffs={'A': {'A': {'n': val=17.818469622296423, 'k': val=1.931052540857461}, 'B': {'n': val=19.00912178631872, 'k': val=1.6188677685653972}, 'D': {'n': val=21.719379882969196, 'k': val=0.982868921518253}, 'tau': val=2.9693897944539733}, 'B': {'C': {'n': val=2.0900395705401933, 'k': val=0.6254754488905391}, 'D': {'n': val=7.308867332920743, 'k': val=0.6831980795605793}, 'tau': val=3.2247570402541714}, 'C': {'A': {'n': val=30.0, 'k': val=0.8868843405911895}, 'D': {'n': val=0.18804424368004896, 'k': val=1.2603284883659294}, 'tau': val=4.997261947548503}, 'D': {'A': {'n': val=27.74505901652899, 'k': val=0.6928212555302616}, 'D': {'n': val=12.726609977065555, 'k': val=0.25549171407116095}, 'tau': val=0.5972534918952263}}, ind_size=22)"
ABCD,CMAES,False,ABCD_CMAES_SERIAL_20250610_162342,8,RK45,MABS,32.40615706152783,3.216892865682198,0.02587099927319255,0.08101539265381959,2654.8726291656494,"Individual(fitness=inf, coeffs={'A': {'A': {'n': val=19.844035326243876, 'k': val=1.8590438522115658}, 'B': {'n': val=21.301359097773446, 'k': val=1.2165830649575644}, 'D': {'n': val=9.19619419769082, 'k': val=1.27130735087184}, 'tau': val=1.3200675627050316}, 'B': {'C': {'n': val=1.282305844887356, 'k': val=0.6736794598254081}, 'D': {'n': val=7.486236337111802, 'k': val=0.7172776254483846}, 'tau': val=2.8011899873323456}, 'C': {'A': {'n': val=0.1, 'k': val=1.9812238946329241}, 'D': {'n': val=30.0, 'k': val=0.3479832069074306}, 'tau': val=4.464275158766517}, 'D': {'A': {'n': val=29.232781491422266, 'k': val=0.9723989489844734}, 'D': {'n': val=18.976910679332928, 'k': val=0.19153824407348283}, 'tau': val=0.5565433360768708}}, ind_size=22)"
ABCD,CMAES,False,ABCD_CMAES_SERIAL_20250610_162342,8,DOP853,ABS,33.41147182935083,3.2361795738074015,0.026182145584820647,0.08352867957337709,8865.274782657623,"Individual(fitness=inf, coeffs={'A': {'A': {'n': val=16.10845917730725, 'k': val=0.47689639366800796}, 'B': {'n': val=27.19419772496057, 'k': val=0.10373585075497652}, 'D': {'n': val=12.513313541448198, 'k': val=1.7769410723575727}, 'tau': val=3.600303383718421}, 'B': {'C': {'n': val=3.615947718561388, 'k': val=0.5763424387571785}, 'D': {'n': val=24.365055670383153, 'k': val=0.58129000287265}, 'tau': val=3.8478527571342678}, 'C': {'A': {'n': val=29.397331052225454, 'k': val=1.0038627166000489}, 'D': {'n': val=7.4414077982958755, 'k': val=1.8616285500384857}, 'tau': val=2.7003471426948877}, 'D': {'A': {'n': val=29.351569155217152, 'k': val=0.8541034520414746}, 'D': {'n': val=27.743428179394495, 'k': val=0.29977537156299106}, 'tau': val=0.5651657372334479}}, ind_size=22)"
ABCD,CMAES,False,ABCD_CMAES_SERIAL_20250610_162342,8,DOP853,SQUARED,38.25908713083975,3.2313644427116848,0.02610429040405349,0.09564771782709933,6760.497086763382,"Individual(fitness=inf, coeffs={'A': {'A': {'n': val=11.145759894388952, 'k': val=1.9995574751437608}, 'B': {'n': val=13.253812867288799, 'k': val=1.366676570874145}, 'D': {'n': val=4.076143702587873, 'k': val=1.2480940383411998}, 'tau': val=2.3640643947061006}, 'B': {'C': {'n': val=2.7467252255438175, 'k': val=0.6042491349407701}, 'D': {'n': val=8.190702446814472, 'k': val=0.7723264059570298}, 'tau': val=2.861261533845046}, 'C': {'A': {'n': val=12.737156993111526, 'k': val=1.0027897412725895}, 'D': {'n': val=21.535677286105805, 'k': val=0.8498990390747986}, 'tau': val=5.0}, 'D': {'A': {'n': val=29.915202290333184, 'k': val=0.7417100606345983}, 'D': {'n': val=15.77579319028238, 'k': val=0.2578231606720297}, 'tau': val=0.6441398854018188}}, ind_size=22)"
ABCD,CMAES,False,ABCD_CMAES_SERIAL_20250610_162342,8,DOP853,MSE,36.19697609006767,3.109513702728848,0.024172688668646164,0.09049244022516913,9553.827982187271,"Individual(fitness=inf, coeffs={'A': {'A': {'n': val=12.286240819439685, 'k': val=1.9462436875843925}, 'B': {'n': val=12.246918624815702, 'k': val=1.9812781067584317}, 'D': {'n': val=29.7323395068303, 'k': val=1.5754046650132074}, 'tau': val=3.354799600238142}, 'B': {'C': {'n': val=2.028420674882037, 'k': val=0.5995788033053305}, 'D': {'n': val=26.83620505514717, 'k': val=0.7858884207257918}, 'tau': val=3.270618941791302}, 'C': {'A': {'n': val=29.687738146548963, 'k': val=1.00151599422938}, 'D': {'n': val=15.715323530479917, 'k': val=1.5621555394336823}, 'tau': val=3.2172582908800287}, 'D': {'A': {'n': val=28.46984820662473, 'k': val=0.8133294326930913}, 'D': {'n': val=27.672805036920213, 'k': val=0.2700975502618349}, 'tau': val=0.5646324216589741}}, ind_size=22)"
ABCD,CMAES,False,ABCD_CMAES_SERIAL_20250610_162342,8,DOP853,MABS,32.53984064288352,3.1748472036840423,0.02519913691685095,0.08134960160720876,2007.4059512615204,"Individual(fitness=inf, coeffs={'A': {'A': {'n': val=17.84753481385055, 'k': val=1.842056823070008}, 'B': {'n': val=7.087305576763457, 'k': val=1.7520815985818337}, 'D': {'n': val=7.036577077841692, 'k': val=1.1391312942491905}, 'tau': val=1.3521788612380468}, 'B': {'C': {'n': val=1.321437715626616, 'k': val=0.6775701455184746}, 'D': {'n': val=16.87398656307017, 'k': val=0.7097955456634849}, 'tau': val=3.1456156589310575}, 'C': {'A': {'n': val=0.7054394978812267, 'k': val=0.8570326253975791}, 'D': {'n': val=29.476719462477078, 'k': val=0.3480942307069308}, 'tau': val=4.564898809539634}, 'D': {'A': {'n': val=13.404656240640882, 'k': val=0.9344192311311652}, 'D': {'n': val=4.339519109249649, 'k': val=0.10752385625314245}, 'tau': val=0.546750956853935}}, ind_size=22)"
ABCD,CMAES,False,ABCD_CMAES_SERIAL_20250610_162342,8,LSODA,ABS,36.10631060279003,3.3736832115005564,0.02845434602890177,0.09026577650697509,1020.0777215957642,"Individual(fitness=inf, coeffs={'A': {'A': {'n': val=12.014641693731416, 'k': val=1.9999949070304388}, 'B': {'n': val=29.342442050532807, 'k': val=1.058605325811364}, 'D': {'n': val=8.241303069822324, 'k': val=1.058126590222316}, 'tau': val=3.268320787351716}, 'B': {'C': {'n': val=1.3338218026203212, 'k': val=0.6793860538353762}, 'D': {'n': val=25.22189363301169, 'k': val=0.7816806467023883}, 'tau': val=2.8936125634830887}, 'C': {'A': {'n': val=18.734715570360944, 'k': val=1.0060146694233758}, 'D': {'n': val=15.087671971771128, 'k': val=1.8760127106959228}, 'tau': val=2.6391488421398424}, 'D': {'A': {'n': val=15.55263886726686, 'k': val=0.6762156787592877}, 'D': {'n': val=9.006142016222814, 'k': val=0.27794571823751557}, 'tau': val=0.5728860721494811}}, ind_size=22)"
ABCD,CMAES,False,ABCD_CMAES_SERIAL_20250610_162342,8,LSODA,SQUARED,37.2347752244088,3.141454433771955,0.02467183989866368,0.093086938061022,966.2067830562592,"Individual(fitness=inf, coeffs={'A': {'A': {'n': val=29.66562716182387, 'k': val=1.98078177979207}, 'B': {'n': val=10.175137899397715, 'k': val=1.9841394323099297}, 'D': {'n': val=8.411349516363629, 'k': val=1.096478963594868}, 'tau': val=2.2694732059293012}, 'B': {'C': {'n': val=2.4228789966750517, 'k': val=0.6039858434708725}, 'D': {'n': val=11.88868785353038, 'k': val=0.7533453417540266}, 'tau': val=3.0009428490898955}, 'C': {'A': {'n': val=30.0, 'k': val=0.996928810187794}, 'D': {'n': val=3.169051517777958, 'k': val=0.8408537262941682}, 'tau': val=4.980956733795038}, 'D': {'A': {'n': val=30.0, 'k': val=0.7839593176991697}, 'D': {'n': val=29.657700985032026, 'k': val=0.2666022936568236}, 'tau': val=0.6873803774472791}}, ind_size=22)"
ABCD,CMAES,False,ABCD_CMAES_SERIAL_20250610_162342,8,LSODA,MSE,,,,,,
ABCD,CMAES,False,ABCD_CMAES_SERIAL_20250610_162342,8,LSODA,MABS,,,,,,
ABCD,CMAES,False,ABCD_CMAES_SERIAL_20250610_162342,9,RK45,ABS,37.53253428777562,3.5626382638311602,0.03173097849728475,0.09383133571943902,2965.0829389095306,"Individual(fitness=inf, coeffs={'A': {'A': {'n': val=21.129570797633537, 'k': val=1.9568644434287832}, 'B': {'n': val=16.56461049804256, 'k': val=1.6189557601588045}, 'D': {'n': val=12.659735895826689, 'k': val=1.2729730017707699}, 'tau': val=1.6176442844943137}, 'B': {'C': {'n': val=13.62428925292037, 'k': val=0.43269998976307655}, 'D': {'n': val=0.8657693259450048, 'k': val=0.3879362570277752}, 'tau': val=3.0776533138695834}, 'C': {'A': {'n': val=3.403839772228544, 'k': val=0.10725563092647694}, 'D': {'n': val=9.014781996073673, 'k': val=0.30414078523313554}, 'tau': val=4.77881529815303}, 'D': {'A': {'n': val=26.39593614095308, 'k': val=0.9682993423950796}, 'D': {'n': val=10.876154154624059, 'k': val=0.18431376372571615}, 'tau': val=0.525937665223781}}, ind_size=22)"
ABCD,CMAES,False,ABCD_CMAES_SERIAL_20250610_162342,9,RK45,SQUARED,38.3484124291556,3.2837233798778005,0.026957098088890213,0.09587103107288908,11083.579029083252,"Individual(fitness=inf, coeffs={'A': {'A': {'n': val=25.69378315164576, 'k': val=1.9979599890380222}, 'B': {'n': val=29.39004736645559, 'k': val=1.2263042457724629}, 'D': {'n': val=16.468908571307885, 'k': val=1.0387210181816369}, 'tau': val=3.207052794774251}, 'B': {'C': {'n': val=1.0473327660151979, 'k': val=0.6196490933321438}, 'D': {'n': val=4.696195977336686, 'k': val=0.7402516779815306}, 'tau': val=2.0862870247174246}, 'C': {'A': {'n': val=29.853478548014493, 'k': val=0.8765131814944687}, 'D': {'n': val=0.3718974215259415, 'k': val=1.6528927243439548}, 'tau': val=4.9495798056895985}, 'D': {'A': {'n': val=27.887866850967214, 'k': val=0.7165467281376392}, 'D': {'n': val=26.107305938692097, 'k': val=0.26415346717139354}, 'tau': val=0.5689143686436663}}, ind_size=22)"
ABCD,CMAES,False,ABCD_CMAES_SERIAL_20250610_162342,9,RK45,MSE,33.98564091024659,2.7922568034223025,0.01949174514064534,0.08496410227561638,2204.7281172275543,"Individual(fitness=inf, coeffs={'A': {'A': {'n': val=29.691052348337145, 'k': val=1.8591777042729154}, 'B': {'n': val=7.868151039617718, 'k': val=1.0201005866462736}, 'D': {'n': val=12.791762139562612, 'k': val=1.0874341993871108}, 'tau': val=2.6751704451243112}, 'B': {'C': {'n': val=29.73418624405754, 'k': val=0.4401059958448125}, 'D': {'n': val=6.661430613016966, 'k': val=0.28029553327353274}, 'tau': val=4.341375951828856}, 'C': {'A': {'n': val=0.7248134026012798, 'k': val=0.6645423489748302}, 'D': {'n': val=29.21261626065066, 'k': val=0.3552413433401732}, 'tau': val=4.999352820659412}, 'D': {'A': {'n': val=19.9084758463781, 'k': val=0.9671848046151854}, 'D': {'n': val=29.79054493999329, 'k': val=0.11034823685822141}, 'tau': val=0.9173702615019556}}, ind_size=22)"
ABCD,CMAES,False,ABCD_CMAES_SERIAL_20250610_162342,9,RK45,MABS,32.354773414115215,3.212950462721413,0.02580762668975437,0.08088693353528807,2268.143246650696,"Individual(fitness=inf, coeffs={'A': {'A': {'n': val=19.984788728710146, 'k': val=1.8359210299245368}, 'B': {'n': val=9.141531561077317, 'k': val=1.8331997876193855}, 'D': {'n': val=14.517094556588765, 'k': val=1.1181885305316375}, 'tau': val=1.2883942684857457}, 'B': {'C': {'n': val=1.2287888751552845, 'k': val=0.6761681180194692}, 'D': {'n': val=10.73909723851824, 'k': val=0.7198451891859025}, 'tau': val=2.990458886448674}, 'C': {'A': {'n': val=0.2346020147424849, 'k': val=1.6900654524551157}, 'D': {'n': val=29.143259041167482, 'k': val=0.3500894411375634}, 'tau': val=4.467708951751325}, 'D': {'A': {'n': val=28.08972098194703, 'k': val=0.9716056863488148}, 'D': {'n': val=13.672804208751861, 'k': val=0.12993751295521838}, 'tau': val=0.538138115739354}}, ind_size=22)"
ABCD,CMAES,False,ABCD_CMAES_SERIAL_20250610_162342,9,DOP853,ABS,34.678974822602015,3.3003293148748796,0.027230433966556222,0.08669743705650505,3192.847254514694,"Individual(fitness=inf, coeffs={'A': {'A': {'n': val=0.4808404105504535, 'k': val=0.5248251666305657}, 'B': {'n': val=0.38163469270230754, 'k': val=1.368522150979535}, 'D': {'n': val=15.072259115603828, 'k': val=1.9994514262098584}, 'tau': val=1.7713295876786552}, 'B': {'C': {'n': val=0.9957076717901671, 'k': val=0.20421225502157103}, 'D': {'n': val=3.260430820241974, 'k': val=0.7666420620332843}, 'tau': val=1.5343909808610812}, 'C': {'A': {'n': val=0.981173777535708, 'k': val=0.10796703986261176}, 'D': {'n': val=16.625006111498774, 'k': val=0.3806473526466695}, 'tau': val=4.644848129731629}, 'D': {'A': {'n': val=29.359144799616057, 'k': val=0.9697037325733913}, 'D': {'n': val=18.04499407458615, 'k': val=0.23796987136796216}, 'tau': val=0.5822116555512121}}, ind_size=22)"
ABCD,CMAES,False,ABCD_CMAES_SERIAL_20250610_162342,9,DOP853,SQUARED,36.99645459802042,3.2222735094236614,0.025957616423833728,0.09249113649505102,5184.074090480804,"Individual(fitness=inf, coeffs={'A': {'A': {'n': val=14.528179322374141, 'k': val=1.7179948264398865}, 'B': {'n': val=29.16539234356322, 'k': val=1.9366595498702215}, 'D': {'n': val=29.46241153526906, 'k': val=1.5360186839059038}, 'tau': val=4.0238933970721025}, 'B': {'C': {'n': val=2.4008821350458605, 'k': val=0.6026837040294929}, 'D': {'n': val=5.2423818152973585, 'k': val=0.6300739085134458}, 'tau': val=3.3302200021358375}, 'C': {'A': {'n': val=30.0, 'k': val=0.8834706987200133}, 'D': {'n': val=0.7674282676479727, 'k': val=0.5532567264042278}, 'tau': val=4.99467071053409}, 'D': {'A': {'n': val=27.351618612604092, 'k': val=0.7514624189247648}, 'D': {'n': val=8.025728532146697, 'k': val=0.2477583483417698}, 'tau': val=0.5522466958223212}}, ind_size=22)"
ABCD,CMAES,False,ABCD_CMAES_SERIAL_20250610_162342,9,DOP853,MSE,34.23223522671248,2.987458759592906,0.02231227460067096,0.0855805880667812,2584.620058298111,"Individual(fitness=inf, coeffs={'A': {'A': {'n': val=12.870663541733027, 'k': val=1.8642038054793562}, 'B': {'n': val=14.71248577150192, 'k': val=1.5213257180179567}, 'D': {'n': val=19.656075129600534, 'k': val=1.0714506506238455}, 'tau': val=1.358158605952999}, 'B': {'C': {'n': val=2.7942642407926415, 'k': val=0.6002916887179349}, 'D': {'n': val=6.8593770932466684, 'k': val=0.6214248965310585}, 'tau': val=3.394928525330073}, 'C': {'A': {'n': val=0.49951472787373713, 'k': val=0.7619412708486126}, 'D': {'n': val=29.133053250354553, 'k': val=0.3167123315514239}, 'tau': val=4.9946926764012805}, 'D': {'A': {'n': val=29.30863006409698, 'k': val=0.9640986158942931}, 'D': {'n': val=7.322721604741072, 'k': val=0.1520284186708424}, 'tau': val=0.5649369648537668}}, ind_size=22)"
ABCD,CMAES,False,ABCD_CMAES_SERIAL_20250610_162342,9,DOP853,MABS,32.976379675890385,3.3162049300427388,0.02749303784509939,0.08244094918972594,3031.687649488449,"Individual(fitness=inf, coeffs={'A': {'A': {'n': val=0.9951251604807878, 'k': val=0.3671191795710333}, 'B': {'n': val=0.24616726658490057, 'k': val=1.8886528232680015}, 'D': {'n': val=5.758911220159676, 'k': val=1.603155375831408}, 'tau': val=1.3940840925980749}, 'B': {'C': {'n': val=2.619746732989749, 'k': val=0.5951409490240556}, 'D': {'n': val=7.0312342308480975, 'k': val=0.6820051549760333}, 'tau': val=3.107851170533307}, 'C': {'A': {'n': val=0.30636227986361253, 'k': val=0.17109876901332546}, 'D': {'n': val=10.207194490588709, 'k': val=0.434811286619424}, 'tau': val=4.192580175422182}, 'D': {'A': {'n': val=29.40502428198181, 'k': val=0.9701242566095917}, 'D': {'n': val=15.056372497480366, 'k': val=0.22050495554671426}, 'tau': val=0.6089492754339577}}, ind_size=22)"
ABCD,CMAES,False,ABCD_CMAES_SERIAL_20250610_162342,9,LSODA,ABS,,,,,,
ABCD,CMAES,False,ABCD_CMAES_SERIAL_20250610_162342,9,LSODA,SQUARED,34.49703557868152,3.024282510582408,0.022865711759536573,0.0862425889467038,1053.117909669876,"Individual(fitness=inf, coeffs={'A': {'A': {'n': val=16.688785165382857, 'k': val=1.770261209248553}, 'B': {'n': val=17.67950382722664, 'k': val=1.2642914373386367}, 'D': {'n': val=15.168332680015045, 'k': val=1.0929049805942623}, 'tau': val=1.271601585835844}, 'B': {'C': {'n': val=2.3737830223423053, 'k': val=0.6179394153257333}, 'D': {'n': val=9.299688399253496, 'k': val=0.70135423742127}, 'tau': val=3.169149001124735}, 'C': {'A': {'n': val=0.9297911544554972, 'k': val=1.4598435876885079}, 'D': {'n': val=30.0, 'k': val=0.31251400282961433}, 'tau': val=5.0}, 'D': {'A': {'n': val=29.896696548915724, 'k': val=0.9668429865044984}, 'D': {'n': val=23.560304501412826, 'k': val=0.13190671925541209}, 'tau': val=0.5612248525808476}}, ind_size=22)"
ABCD,CMAES,False,ABCD_CMAES_SERIAL_20250610_162342,9,LSODA,MSE,37.5645510806775,3.0223309558547133,0.02283621101679418,0.09391137770169372,1286.9561610221863,"Individual(fitness=inf, coeffs={'A': {'A': {'n': val=23.656514658931883, 'k': val=1.861390784032339}, 'B': {'n': val=6.4282361054980965, 'k': val=1.1585201065843589}, 'D': {'n': val=21.208124428433038, 'k': val=1.0208346586376078}, 'tau': val=1.9997925776382581}, 'B': {'C': {'n': val=0.42841824183489785, 'k': val=1.9204102493513158}, 'D': {'n': val=27.085681464791, 'k': val=0.738856262051607}, 'tau': val=2.3066208084091158}, 'C': {'A': {'n': val=0.8641566093562817, 'k': val=0.4549095208415945}, 'D': {'n': val=30.0, 'k': val=0.34710112096014856}, 'tau': val=4.844018277678507}, 'D': {'A': {'n': val=29.655137663446357, 'k': val=0.9790261371503112}, 'D': {'n': val=28.870169952386476, 'k': val=0.10025013608067086}, 'tau': val=0.7637931187173476}}, ind_size=22)"
ABCD,CMAES,False,ABCD_CMAES_SERIAL_20250610_162342,9,LSODA,MABS,31.921994260607956,3.246029252783748,0.02634176477481956,0.0798049856515199,1021.4414093494415,"Individual(fitness=inf, coeffs={'A': {'A': {'n': val=29.043374447331857, 'k': val=1.7035845645493157}, 'B': {'n': val=25.017598641409897, 'k': val=1.9109539792548627}, 'D': {'n': val=23.54776901461089, 'k': val=1.0090450077269633}, 'tau': val=1.0978473999032263}, 'B': {'C': {'n': val=1.7724489676220874, 'k': val=0.6777169693907308}, 'D': {'n': val=13.32947730284065, 'k': val=0.7199350191418908}, 'tau': val=2.9766752581749656}, 'C': {'A': {'n': val=1.7043459202712616, 'k': val=0.2795157924871087}, 'D': {'n': val=29.19950345386153, 'k': val=0.31678616449033886}, 'tau': val=3.4296338506826727}, 'D': {'A': {'n': val=29.33052055980022, 'k': val=0.9724822605269932}, 'D': {'n': val=22.369471094075205, 'k': val=0.1606980994768755}, 'tau': val=0.5473760193898656}}, ind_size=22)"
